interaction_id,user_id,content_id,clics,temps_passe,reussite,timestamp
1,90,7,16,405,True,2025-02-10 12:28:07.348528
2,59,23,4,820,True,2025-02-11 06:03:50.348528
3,85,13,2,273,True,2025-03-11 17:59:14.348528
4,83,33,18,1859,True,2025-04-07 06:12:26.348528
5,15,17,2,997,True,2024-12-15 02:55:22.348528
6,56,23,7,327,True,2025-08-26 23:49:22.348528
7,15,25,9,1496,False,2024-11-11 21:04:43.348528
8,1,34,7,1223,False,2025-04-24 20:54:20.348528
9,9,43,11,1022,False,2025-09-24 09:44:23.348528
10,93,20,14,1606,True,2025-04-05 19:51:12.348528
11,90,19,14,508,True,2025-09-25 19:00:24.348528
12,87,48,10,546,True,2025-03-23 19:59:14.348528
13,71,1,14,887,True,2025-08-13 03:17:25.348528
14,84,21,22,1844,False,2025-02-06 23:48:49.348528
15,61,48,5,30,True,2025-07-11 04:14:49.348528
16,80,22,8,1387,True,2025-09-29 16:30:16.348528
17,29,13,4,35,True,2025-06-21 03:27:29.348528
18,99,5,19,1208,True,2025-01-27 19:10:57.348528
19,64,26,12,803,True,2024-10-22 09:04:59.348528
20,100,28,23,1783,True,2025-07-12 22:06:58.348528
21,7,36,2,748,True,2025-06-10 10:03:26.348528
22,60,43,11,956,True,2025-06-04 03:30:30.348528
23,93,33,15,1557,True,2025-01-09 22:29:05.348528
24,58,17,21,1586,False,2025-03-11 00:10:56.348528
25,63,41,3,1680,True,2025-10-20 15:36:19.348528
26,31,18,3,1513,True,2024-12-29 10:41:38.348528
27,30,25,7,2025,False,2024-11-21 20:18:26.348528
28,53,22,2,1043,True,2025-02-02 20:29:58.348528
29,50,50,1,844,True,2025-08-10 19:03:06.348528
30,62,1,13,977,False,2025-05-23 00:47:54.348528
31,96,48,4,533,True,2025-06-26 13:11:29.348528
32,35,28,11,1358,True,2025-09-27 19:55:23.348528
33,93,11,10,100,True,2025-07-20 06:11:03.348528
34,51,38,3,627,True,2025-09-14 20:48:28.348528
35,18,30,13,578,True,2025-04-05 12:54:31.348528
36,59,21,13,2292,True,2025-03-11 20:33:04.348528
37,33,6,18,1817,True,2024-11-15 17:56:39.348528
38,29,42,1,781,True,2024-11-04 14:12:20.348528
39,26,2,5,1582,False,2025-06-19 09:22:02.348528
40,73,14,13,340,True,2025-04-26 11:18:41.348528
41,78,39,2,633,False,2025-01-11 16:31:37.348528
42,14,38,19,919,True,2025-10-01 18:52:01.348528
43,51,46,23,2070,True,2025-09-06 14:02:39.348528
44,14,45,11,912,True,2025-08-23 09:36:35.348528
45,73,3,11,318,True,2025-04-27 07:42:47.348528
46,65,42,7,983,True,2025-06-27 09:02:42.348528
47,56,24,15,1160,True,2025-10-17 10:46:21.348528
48,56,12,9,1932,False,2025-09-01 00:47:48.348528
49,100,31,19,1625,True,2025-03-06 16:56:14.348528
50,32,6,8,1511,True,2025-06-15 01:57:00.348528
51,79,43,16,413,True,2025-04-04 11:49:23.348528
52,63,14,6,342,True,2025-03-13 02:54:28.348528
53,90,18,7,1489,False,2024-12-02 13:59:24.348528
54,93,27,8,1142,True,2025-10-08 22:32:11.348528
55,83,46,1,2275,False,2024-12-06 15:54:55.348528
56,29,26,11,445,True,2025-08-13 18:38:17.348528
57,61,36,12,315,True,2025-07-28 17:14:46.348528
58,46,45,5,355,True,2025-02-15 09:35:43.348528
59,93,13,9,748,True,2025-10-08 11:56:36.348528
60,25,14,12,361,True,2025-08-18 00:18:14.348528
61,77,19,7,1164,False,2025-03-20 13:29:05.348528
62,47,12,18,1991,True,2024-12-23 15:11:23.348528
63,6,4,5,2088,False,2025-09-11 23:04:29.348528
64,14,1,16,1152,True,2025-06-02 17:36:26.348528
65,24,4,16,2256,True,2024-12-17 07:34:53.348528
66,52,32,22,1496,True,2024-11-16 10:43:36.348528
67,20,37,8,1551,False,2024-12-20 01:31:16.348528
68,98,27,8,1175,True,2025-07-14 19:03:05.348528
69,58,29,14,1994,True,2025-03-26 01:54:20.348528
70,80,4,4,2131,False,2025-02-04 03:58:36.348528
71,28,17,8,886,False,2025-01-17 01:17:59.348528
72,10,11,12,431,True,2025-08-20 22:18:41.348528
73,38,3,5,603,True,2025-10-14 21:43:59.348528
74,10,44,13,492,True,2025-09-06 02:40:33.348528
75,85,13,4,545,True,2025-09-16 10:37:37.348528
76,35,10,10,823,True,2025-08-21 01:55:36.348528
77,37,29,10,2097,True,2025-10-13 19:51:26.348528
78,35,33,3,1444,False,2025-08-22 06:39:13.348528
79,56,48,1,172,True,2024-12-05 13:32:14.348528
80,87,37,25,1485,False,2025-09-29 15:00:54.348528
81,74,3,8,59,True,2025-07-13 04:55:23.348528
82,57,18,14,1559,True,2025-09-10 23:06:20.348528
83,12,31,11,1121,True,2025-09-28 09:00:39.348528
84,21,22,10,1125,True,2025-09-24 19:46:57.348528
85,98,36,6,30,True,2025-02-26 16:58:21.348528
86,15,50,14,658,True,2024-10-21 05:08:49.348528
87,70,30,12,504,True,2025-09-03 23:21:07.348528
88,81,29,9,1600,False,2025-07-28 09:58:21.348528
89,37,29,4,1888,False,2024-11-04 04:08:27.348528
90,78,16,9,324,True,2024-10-28 01:18:33.348528
91,53,6,4,1911,True,2025-06-13 09:28:45.348528
92,83,10,10,1387,True,2025-07-07 15:09:27.348528
93,54,31,15,1029,False,2025-07-29 10:28:07.348528
94,50,13,12,508,False,2024-12-28 07:44:39.348528
95,36,50,6,556,True,2025-07-06 14:55:47.348528
96,1,19,16,1169,True,2025-01-04 21:27:38.348528
97,69,31,18,1345,True,2025-05-01 21:46:51.348528
98,42,13,10,232,False,2025-05-04 13:42:22.348528
99,100,27,16,1128,True,2025-10-16 19:04:57.348528
100,50,43,5,1051,False,2025-06-30 06:33:01.348528
101,17,33,4,1335,False,2025-06-02 08:49:58.348528
102,68,30,14,459,True,2025-09-20 10:49:21.348528
103,10,31,11,1051,False,2025-09-04 19:40:27.348528
104,84,6,22,1922,False,2025-07-20 19:02:17.348528
105,41,41,16,2007,False,2025-07-24 06:30:34.348528
106,80,5,10,1264,True,2025-02-13 08:29:35.348528
107,56,7,4,1086,False,2025-06-04 11:15:34.348528
108,89,20,11,971,False,2024-11-17 15:53:01.348528
109,46,24,14,562,True,2025-08-05 11:45:29.348528
110,22,12,13,2157,True,2025-09-02 13:58:15.348528
111,64,38,9,1072,True,2025-06-12 14:29:55.348528
112,86,1,10,1148,False,2025-10-02 01:06:12.348528
113,21,5,19,917,True,2025-03-23 04:27:55.348528
114,55,45,5,907,True,2025-01-29 19:12:31.348528
115,62,7,12,951,True,2025-08-10 15:58:29.348528
116,90,19,13,1161,True,2025-03-09 05:29:50.348528
117,73,44,15,272,True,2025-08-26 23:17:16.348528
118,37,50,13,753,True,2025-04-18 13:10:34.348528
119,82,13,13,682,True,2025-09-22 10:10:56.348528
120,81,7,2,1027,False,2025-03-27 21:15:08.348528
121,5,38,3,734,True,2025-03-20 17:05:52.348528
122,96,27,12,501,True,2025-07-18 23:28:20.348528
123,35,11,8,814,True,2025-03-20 17:32:05.348528
124,15,30,8,456,False,2025-10-01 19:40:18.348528
125,72,24,1,716,True,2025-03-05 00:44:18.348528
126,16,30,9,1078,True,2025-08-15 19:04:30.348528
127,82,24,16,551,True,2024-11-02 03:45:34.348528
128,72,21,21,1618,False,2024-11-22 04:20:12.348528
129,60,45,2,460,True,2024-12-30 06:51:12.348528
130,5,20,4,1042,False,2025-02-18 00:46:26.348528
131,18,25,24,1988,False,2025-10-12 00:52:13.348528
132,54,38,14,758,False,2025-09-20 08:48:27.348528
133,63,40,2,1624,False,2025-10-08 18:41:35.348528
134,28,29,28,1633,False,2025-04-23 08:49:11.348528
135,88,24,12,972,True,2024-11-20 19:41:53.348528
136,36,13,8,856,False,2024-12-05 12:55:30.348528
137,83,41,2,1251,False,2025-04-08 14:04:14.348528
138,17,37,25,2313,True,2025-07-30 12:44:41.348528
139,76,14,6,316,True,2025-01-04 02:54:05.348528
140,1,18,5,1108,False,2025-07-23 14:19:42.348528
141,23,8,5,1094,False,2024-10-27 18:14:44.348528
142,31,38,9,778,True,2024-11-15 09:49:03.348528
143,95,27,3,1129,True,2025-06-20 21:31:25.348528
144,100,24,15,423,True,2025-07-04 13:16:07.348528
145,79,3,11,767,True,2025-07-13 16:11:04.348528
146,59,42,8,176,False,2025-05-13 20:43:21.348528
147,88,7,3,820,True,2024-11-30 16:55:48.348528
148,78,10,20,935,True,2025-09-10 02:30:53.348528
149,71,46,17,2075,False,2025-03-19 21:43:18.348528
150,65,39,12,710,True,2024-12-18 05:02:23.348528
151,84,50,4,1018,True,2025-05-28 21:38:35.348528
152,30,27,13,830,True,2025-05-20 08:39:52.348528
153,41,28,12,1221,True,2025-01-06 22:28:12.348528
154,9,6,14,1145,False,2024-12-08 18:46:12.348528
155,17,36,9,455,True,2025-04-06 09:39:10.348528
156,53,23,7,774,True,2024-11-15 15:40:29.348528
157,77,20,17,1515,True,2025-02-05 10:50:09.348528
158,85,31,12,890,True,2025-07-31 18:35:05.348528
159,15,49,26,1407,True,2025-05-28 01:37:35.348528
160,99,40,18,1996,False,2024-11-03 03:22:31.348528
161,85,45,5,226,True,2025-10-14 16:27:08.348528
162,44,23,3,896,True,2025-08-06 05:08:08.348528
163,52,5,1,1212,True,2024-12-06 00:31:00.348528
164,28,25,6,1651,False,2025-04-27 16:32:55.348528
165,93,21,20,1973,False,2024-12-02 07:07:04.348528
166,20,11,11,30,True,2024-11-30 15:06:34.348528
167,57,43,15,1005,True,2025-05-20 15:08:53.348528
168,28,49,14,1529,False,2024-12-15 15:30:54.348528
169,87,44,11,761,True,2025-03-26 06:51:21.348528
170,29,26,1,188,False,2025-02-01 16:10:36.348528
171,28,50,5,393,True,2025-04-05 09:34:15.348528
172,1,32,5,1031,False,2025-05-03 00:35:35.348528
173,91,15,22,1669,True,2025-04-19 07:49:36.348528
174,51,48,8,30,True,2024-11-28 16:36:02.348528
175,74,28,21,1686,False,2025-05-21 15:44:36.348528
176,15,26,3,464,True,2025-09-01 21:57:14.348528
177,89,24,4,1176,True,2025-02-21 21:03:53.348528
178,76,26,14,537,True,2025-03-27 17:33:49.348528
179,29,22,17,696,False,2025-09-09 09:21:14.348528
180,68,33,12,1790,True,2025-04-18 04:42:08.348528
181,19,16,4,268,True,2025-01-17 03:08:06.348528
182,20,49,6,1253,False,2025-09-06 23:11:33.348528
183,60,49,15,1769,False,2025-10-04 01:45:18.348528
184,83,41,21,1560,False,2025-03-30 10:41:55.348528
185,57,5,10,1210,True,2025-03-10 02:44:07.348528
186,8,23,8,323,True,2025-06-08 06:34:18.348528
187,8,24,3,390,False,2025-08-31 02:49:56.348528
188,65,25,26,1869,False,2024-11-10 21:34:36.348528
189,74,42,8,733,True,2025-07-03 10:41:42.348528
190,8,29,11,2249,True,2025-10-20 08:16:22.348528
191,65,42,12,367,True,2025-06-01 21:12:04.348528
192,68,34,12,1044,True,2025-03-13 19:18:28.348528
193,53,50,1,744,True,2025-09-09 04:46:12.348528
194,43,5,13,1135,True,2025-03-14 14:22:38.348528
195,93,43,5,1001,False,2025-04-08 08:10:11.348528
196,75,43,10,742,True,2025-09-20 19:28:23.348528
197,17,39,5,30,True,2025-08-02 18:55:01.348528
198,83,22,17,1304,False,2024-12-07 04:43:24.348528
199,86,28,12,978,True,2025-03-27 11:45:56.348528
200,28,22,7,1115,False,2025-02-12 10:12:39.348528
201,20,5,4,1371,True,2025-07-07 00:51:17.348528
202,95,34,20,1016,True,2024-12-27 02:56:51.348528
203,49,10,20,1505,True,2025-01-12 21:08:15.348528
204,6,27,8,1102,True,2025-06-05 03:26:00.348528
205,37,49,8,1635,False,2025-07-20 13:54:37.348528
206,40,31,12,978,False,2025-10-03 01:58:15.348528
207,57,30,13,1108,False,2025-07-05 00:24:24.348528
208,54,11,10,790,True,2024-12-29 14:18:17.348528
209,7,42,9,494,True,2024-12-11 23:59:10.348528
210,16,19,9,476,True,2025-06-07 23:53:35.348528
211,19,28,15,1187,True,2025-04-16 06:10:24.348528
212,54,4,8,1756,False,2025-05-05 08:10:25.348528
213,48,15,21,917,True,2025-04-09 10:31:11.348528
214,18,3,8,729,True,2025-10-11 10:15:20.348528
215,98,46,1,2094,False,2024-11-29 05:53:39.348528
216,33,14,12,639,True,2025-08-28 00:25:05.348528
217,55,8,10,1311,False,2024-12-21 06:56:27.348528
218,31,27,15,1003,True,2024-11-21 09:14:19.348528
219,64,39,9,545,True,2025-08-10 14:00:40.348528
220,92,10,20,655,True,2025-04-18 13:57:40.348528
221,74,27,3,1050,True,2025-07-15 18:19:54.348528
222,9,34,17,1477,True,2025-07-30 05:56:34.348528
223,50,31,12,1176,True,2025-02-26 05:47:37.348528
224,46,5,4,1314,True,2025-08-13 17:18:32.348528
225,18,3,11,226,True,2025-01-17 22:07:08.348528
226,90,31,5,1610,False,2024-11-21 21:51:57.348528
227,5,19,7,1122,True,2024-11-10 16:41:34.348528
228,40,33,18,1830,True,2025-06-19 14:25:31.348528
229,5,49,12,1468,False,2024-11-14 05:04:37.348528
230,43,18,14,1336,True,2025-05-12 21:12:46.348528
231,50,22,16,1126,False,2025-04-27 00:06:31.348528
232,35,6,14,1130,False,2025-08-24 11:46:21.348528
233,70,19,11,393,True,2025-09-23 15:57:59.348528
234,40,29,6,1828,False,2025-10-08 21:21:52.348528
235,45,29,12,2282,True,2025-08-30 21:02:17.348528
236,36,41,3,1288,False,2025-09-29 04:24:49.348528
237,52,24,6,1079,True,2024-11-04 10:24:03.348528
238,78,44,3,257,True,2024-11-23 13:47:41.348528
239,100,42,10,506,True,2024-11-06 03:13:59.348528
240,20,44,6,601,True,2025-06-04 08:00:06.348528
241,74,9,11,791,True,2025-09-17 15:20:57.348528
242,32,8,16,1258,True,2025-07-12 19:17:32.348528
243,72,8,23,1334,True,2025-06-05 13:00:53.348528
244,79,19,7,814,True,2024-12-21 10:08:39.348528
245,10,29,15,2122,True,2024-12-03 16:50:18.348528
246,86,23,9,569,True,2025-03-17 16:07:24.348528
247,21,46,21,2181,False,2025-01-17 18:21:50.348528
248,66,15,5,1021,True,2025-02-18 23:11:21.348528
249,4,24,15,689,True,2025-07-29 09:55:38.348528
250,79,6,23,1457,True,2025-06-23 00:20:32.348528
251,53,50,2,720,True,2024-12-23 16:44:42.348528
252,83,5,17,1260,True,2025-04-14 09:52:30.348528
253,100,36,3,66,True,2025-05-29 23:30:40.348528
254,8,8,6,1379,False,2025-01-10 16:57:00.348528
255,91,15,10,1347,True,2024-11-29 14:19:36.348528
256,26,41,5,1511,False,2025-09-05 16:13:40.348528
257,79,35,6,1562,True,2025-08-20 02:20:35.348528
258,20,11,10,707,True,2025-04-11 01:43:23.348528
259,6,2,25,1994,True,2025-08-11 14:50:17.348528
260,84,14,10,504,True,2025-09-12 06:18:18.348528
261,64,41,10,1887,False,2025-06-24 14:07:05.348528
262,88,26,12,206,True,2024-11-19 10:57:28.348528
263,57,27,11,574,True,2025-08-26 10:25:59.348528
264,41,46,12,2345,False,2025-05-12 09:57:48.348528
265,98,24,11,420,True,2025-02-20 22:11:10.348528
266,16,18,4,1104,True,2024-11-14 15:46:07.348528
267,50,40,6,2224,False,2025-04-06 02:14:07.348528
268,93,21,16,1555,True,2025-07-10 22:11:55.348528
269,64,20,13,1016,True,2025-07-05 21:50:59.348528
270,31,14,1,127,True,2025-03-13 23:13:15.348528
271,77,42,9,406,True,2024-10-24 09:06:58.348528
272,56,9,12,1128,False,2025-05-14 18:31:33.348528
273,6,26,4,707,True,2025-04-24 01:20:41.348528
274,37,5,18,1025,True,2025-03-13 03:53:38.348528
275,88,40,13,1437,True,2025-04-29 17:32:53.348528
276,72,24,13,515,True,2025-07-03 06:40:05.348528
277,6,3,8,221,True,2025-07-12 21:50:27.348528
278,20,39,6,41,True,2025-08-29 16:47:59.348528
279,21,26,14,889,False,2025-03-23 02:49:09.348528
280,44,33,16,1541,False,2025-10-18 01:41:52.348528
281,39,31,11,1157,False,2025-09-29 09:11:35.348528
282,54,38,1,1342,True,2025-08-21 22:28:54.348528
283,34,42,10,908,True,2025-08-11 13:29:13.348528
284,93,4,17,1548,False,2025-09-08 03:45:59.348528
285,100,25,8,1999,True,2024-11-06 02:02:56.348528
286,90,8,11,1519,True,2025-05-22 10:42:57.348528
287,53,45,13,555,True,2025-08-29 22:22:23.348528
288,95,47,17,1425,True,2025-02-04 01:37:25.348528
289,42,43,11,769,True,2025-01-16 21:56:18.348528
290,69,22,9,1310,True,2025-08-28 22:49:51.348528
291,25,16,4,311,True,2025-03-21 15:43:29.348528
292,91,14,6,578,True,2025-06-22 17:54:07.348528
293,72,47,19,1408,True,2025-10-02 00:58:46.348528
294,49,26,13,923,True,2025-01-02 15:46:39.348528
295,6,19,12,392,False,2025-06-04 05:05:08.348528
296,33,48,9,122,True,2025-03-08 01:39:53.348528
297,90,18,24,1590,True,2025-08-16 13:54:52.348528
298,32,4,8,1917,False,2025-09-11 13:40:47.348528
299,7,7,16,1100,True,2024-12-10 10:12:27.348528
300,1,36,7,41,False,2025-09-19 22:31:19.348528
301,62,42,6,408,True,2025-03-16 04:43:08.348528
302,8,50,4,719,True,2025-07-20 06:33:37.348528
303,23,27,2,546,False,2025-05-11 23:14:19.348528
304,24,48,1,212,False,2024-10-24 16:03:59.348528
305,73,39,5,241,True,2025-06-10 04:33:07.348528
306,70,34,17,809,True,2025-06-16 15:08:10.348528
307,25,8,15,1816,True,2025-09-16 14:34:09.348528
308,92,12,26,1611,True,2025-03-21 01:52:29.348528
309,87,49,21,1801,True,2025-05-15 20:46:28.348528
310,66,21,4,2077,True,2025-01-22 10:19:19.348528
311,62,21,9,1398,False,2025-05-04 13:46:39.348528
312,58,49,10,1513,True,2025-08-15 02:03:37.348528
313,2,17,8,1435,False,2024-11-20 09:30:24.348528
314,60,20,17,1626,True,2025-10-15 16:31:29.348528
315,89,8,12,1370,False,2025-08-30 13:14:36.348528
316,29,9,12,849,True,2025-05-21 01:11:58.348528
317,61,49,7,1856,False,2025-02-24 02:53:43.348528
318,11,34,12,1392,True,2024-11-29 01:44:35.348528
319,15,4,7,1891,False,2025-08-10 00:44:30.348528
320,20,11,8,502,True,2024-12-18 12:40:51.348528
321,92,38,15,1122,True,2024-11-17 21:42:41.348528
322,17,33,2,1573,True,2025-08-02 22:02:13.348528
323,87,20,9,1329,False,2024-10-21 13:08:09.348528
324,75,5,3,916,True,2025-07-24 07:23:46.348528
325,9,31,6,1198,True,2024-12-29 04:33:34.348528
326,94,42,7,497,False,2025-06-06 18:56:48.348528
327,49,6,18,1727,False,2024-12-28 04:59:49.348528
328,45,8,13,1618,True,2025-07-17 09:50:20.348528
329,94,15,1,1590,False,2025-03-21 22:03:35.348528
330,87,47,13,1828,False,2025-02-14 14:12:50.348528
331,59,23,12,199,True,2024-12-16 06:22:31.348528
332,85,27,8,382,True,2025-02-02 07:39:08.348528
333,13,39,11,510,True,2025-10-15 06:58:29.348528
334,32,48,4,365,True,2025-07-23 13:06:46.348528
335,97,50,5,647,True,2025-02-17 02:10:40.348528
336,41,37,27,2152,False,2025-04-02 13:49:40.348528
337,39,10,8,1187,False,2025-05-19 16:08:36.348528
338,36,4,24,1979,False,2025-01-18 03:59:39.348528
339,87,28,12,1008,False,2025-09-14 19:04:47.348528
340,68,21,5,1810,False,2025-03-22 18:54:32.348528
341,24,49,8,1422,False,2025-03-22 10:27:29.348528
342,60,4,18,1800,False,2025-07-18 10:05:04.348528
343,50,16,11,344,True,2024-11-29 21:34:43.348528
344,48,6,7,1899,False,2024-11-15 14:58:36.348528
345,49,44,14,262,True,2024-11-26 12:03:11.348528
346,98,38,7,1172,False,2025-06-22 12:48:28.348528
347,43,20,7,939,False,2025-01-25 09:28:25.348528
348,96,49,23,1424,False,2025-08-25 12:38:54.348528
349,51,16,5,800,True,2025-05-02 22:10:41.348528
350,69,42,6,381,True,2025-07-09 23:18:28.348528
351,60,7,16,1105,False,2025-04-01 12:35:53.348528
352,48,21,28,1968,False,2025-02-10 10:30:55.348528
353,3,17,19,1324,True,2025-05-21 15:57:00.348528
354,20,13,10,376,True,2025-02-22 23:22:53.348528
355,71,42,5,459,False,2025-06-28 04:33:57.348528
356,95,32,12,1602,True,2025-01-14 10:17:53.348528
357,93,35,21,1461,True,2024-11-20 00:16:43.348528
358,5,5,2,1248,False,2024-10-23 20:13:02.348528
359,18,41,5,1954,True,2024-10-24 13:09:57.348528
360,65,30,16,944,True,2025-09-22 22:57:53.348528
361,3,1,1,1093,True,2024-10-29 00:28:40.348528
362,93,18,1,1253,False,2025-07-04 20:52:45.348528
363,23,7,5,902,False,2025-02-20 12:11:25.348528
364,80,34,9,1034,True,2025-05-11 08:04:46.348528
365,48,26,12,381,True,2025-02-12 16:07:27.348528
366,88,6,21,1928,False,2024-11-05 08:36:24.348528
367,52,25,2,1789,False,2025-09-11 05:32:47.348528
368,90,11,7,835,True,2025-09-15 17:15:49.348528
369,73,7,8,409,False,2025-02-06 01:50:18.348528
370,61,18,22,1036,True,2025-03-13 00:58:25.348528
371,73,43,11,1254,True,2024-10-28 12:44:41.348528
372,76,10,13,1383,False,2024-11-28 16:05:55.348528
373,21,37,28,2318,True,2025-05-08 00:53:01.348528
374,43,25,26,1445,False,2025-10-07 08:03:28.348528
375,65,48,2,30,False,2025-05-31 13:39:16.348528
376,10,22,20,1246,True,2025-05-11 17:05:07.348528
377,4,41,16,1691,True,2025-02-13 18:09:25.348528
378,71,25,19,1998,False,2025-09-23 19:02:25.348528
379,11,50,4,949,True,2025-10-20 07:52:43.348528
380,11,18,21,1688,True,2025-01-06 19:23:17.348528
381,41,24,10,317,True,2025-06-04 18:18:24.348528
382,98,18,6,1049,True,2025-05-28 21:32:39.348528
383,72,36,1,30,True,2024-12-04 18:05:17.348528
384,71,6,11,1853,False,2025-05-05 05:39:06.348528
385,38,27,8,452,True,2025-08-09 00:10:31.348528
386,22,44,5,364,True,2025-03-23 14:58:29.348528
387,64,10,9,1099,True,2025-05-23 16:06:58.348528
388,62,5,16,816,True,2025-08-21 03:39:17.348528
389,26,30,1,623,True,2025-05-10 17:17:53.348528
390,80,25,15,1639,False,2025-04-09 20:52:50.348528
391,84,39,10,226,True,2025-10-10 12:30:55.348528
392,62,21,11,1799,True,2025-03-19 04:14:44.348528
393,63,37,13,1797,False,2025-03-12 19:30:31.348528
394,47,8,19,1272,False,2025-07-26 11:45:12.348528
395,88,50,8,876,True,2025-10-17 12:50:08.348528
396,57,19,14,382,False,2025-09-29 23:22:53.348528
397,18,41,22,1488,True,2025-01-06 20:36:29.348528
398,49,5,16,1176,True,2025-08-14 19:47:43.348528
399,69,33,23,1886,False,2025-05-23 00:59:45.348528
400,5,24,3,1143,True,2024-12-14 14:14:25.348528
401,85,43,2,1046,True,2025-08-05 04:41:14.348528
402,87,42,6,884,True,2025-05-28 09:03:35.348528
403,2,7,17,888,True,2025-08-02 02:20:18.348528
404,89,37,13,1847,True,2025-06-15 02:37:56.348528
405,89,33,16,1021,True,2024-12-12 15:57:31.348528
406,54,6,5,1797,True,2025-04-16 16:33:29.348528
407,44,30,16,845,False,2025-04-16 22:32:20.348528
408,13,29,11,1855,False,2024-11-23 16:08:05.348528
409,6,46,11,2333,True,2025-09-16 09:11:03.348528
410,87,11,4,728,False,2025-07-11 11:33:14.348528
411,71,11,8,406,True,2025-02-15 19:56:59.348528
412,81,12,14,1939,True,2025-05-10 06:15:55.348528
413,95,40,19,1798,False,2025-05-27 19:21:34.348528
414,1,46,25,1749,True,2025-10-15 07:28:49.348528
415,74,7,6,915,False,2025-04-25 17:04:16.348528
416,26,30,16,998,True,2025-07-18 04:28:18.348528
417,41,39,10,299,True,2024-12-17 17:52:12.348528
418,46,30,10,1145,True,2025-08-31 02:41:23.348528
419,11,44,4,342,True,2025-03-25 09:27:37.348528
420,24,24,13,835,True,2025-05-23 02:55:03.348528
421,18,37,16,1654,False,2025-09-11 00:46:04.348528
422,89,42,9,291,False,2025-01-13 23:01:47.348528
423,37,9,15,1246,True,2025-09-02 07:09:15.348528
424,46,1,13,871,True,2025-08-03 23:36:17.348528
425,84,32,14,1355,True,2025-10-18 21:21:45.348528
426,63,11,13,30,True,2025-02-09 15:50:13.348528
427,5,18,6,1255,True,2025-06-12 01:47:49.348528
428,96,50,9,694,True,2024-12-17 02:03:15.348528
429,15,18,12,1803,False,2025-07-24 06:43:02.348528
430,98,47,14,1507,False,2024-12-12 05:00:07.348528
431,97,16,8,39,True,2025-03-03 17:53:37.348528
432,12,29,25,1512,False,2025-02-18 12:50:38.348528
433,95,38,20,1481,False,2025-09-08 20:47:29.348528
434,22,40,27,1549,True,2025-02-02 07:21:49.348528
435,73,23,9,617,True,2025-01-14 16:59:10.348528
436,91,19,4,585,True,2024-12-28 20:11:17.348528
437,8,18,23,1089,False,2024-12-26 14:17:34.348528
438,19,46,25,1717,False,2025-10-01 19:30:01.348528
439,63,10,14,929,True,2025-04-30 21:39:32.348528
440,10,41,3,2017,False,2025-05-14 23:58:31.348528
441,96,18,12,1858,False,2025-06-09 22:58:17.348528
442,42,38,3,1392,True,2025-06-12 04:18:58.348528
443,86,45,13,106,True,2025-07-20 19:40:58.348528
444,28,28,9,1466,False,2025-04-03 15:31:40.348528
445,44,36,8,459,True,2025-04-13 06:57:54.348528
446,6,7,15,1222,True,2024-10-28 09:43:33.348528
447,21,29,7,1830,False,2025-10-07 10:00:19.348528
448,84,20,9,1821,True,2024-12-07 05:02:07.348528
449,47,17,21,1406,True,2025-01-12 07:05:16.348528
450,51,41,25,1946,True,2025-02-16 20:49:49.348528
451,84,6,7,1051,False,2025-06-21 08:02:24.348528
452,17,38,15,1296,True,2024-10-24 05:29:45.348528
453,90,22,14,1498,False,2025-10-10 10:00:53.348528
454,62,5,4,655,True,2024-12-11 16:36:40.348528
455,48,20,5,1716,True,2025-09-13 10:24:13.348528
456,9,34,6,1296,True,2025-06-02 17:59:19.348528
457,93,14,7,233,True,2025-08-31 21:18:33.348528
458,28,6,25,1193,False,2024-12-23 02:40:05.348528
459,94,25,11,1741,True,2024-12-30 14:13:26.348528
460,36,42,10,680,True,2025-08-24 03:19:27.348528
461,37,50,14,159,False,2025-09-22 16:11:06.348528
462,27,34,13,865,True,2025-03-21 04:43:43.348528
463,7,16,4,121,True,2025-07-03 04:26:03.348528
464,77,5,12,576,True,2025-03-31 10:00:28.348528
465,50,37,22,2023,False,2025-01-16 22:21:05.348528
466,99,5,1,633,True,2025-03-03 13:03:26.348528
467,6,4,17,1781,False,2025-03-16 04:05:17.348528
468,92,33,23,1429,False,2025-05-13 08:12:12.348528
469,82,35,9,1062,False,2024-12-01 16:29:09.348528
470,11,33,5,1823,False,2025-07-21 17:05:56.348528
471,51,38,3,1454,True,2025-03-27 21:07:51.348528
472,94,16,7,94,True,2024-12-18 21:42:33.348528
473,79,39,12,580,True,2025-09-21 11:35:51.348528
474,16,1,1,1390,False,2025-01-11 23:16:34.348528
475,45,34,9,1514,True,2025-01-13 18:44:30.348528
476,17,48,12,191,True,2024-12-19 06:16:16.348528
477,43,28,9,1025,True,2025-10-20 02:11:51.348528
478,81,5,12,1087,True,2024-11-17 23:23:33.348528
479,73,11,13,231,True,2024-12-12 02:05:52.348528
480,87,47,17,2042,True,2024-10-21 06:48:21.348528
481,2,16,7,378,True,2025-01-04 11:43:05.348528
482,5,36,12,611,True,2025-09-20 20:28:16.348528
483,29,21,11,2129,True,2025-03-07 08:02:17.348528
484,74,24,2,1001,True,2025-01-19 13:19:42.348528
485,67,3,8,30,False,2025-03-13 16:30:52.348528
486,42,6,12,1058,False,2025-01-30 15:49:08.348528
487,73,20,15,1172,False,2025-04-27 02:44:43.348528
488,64,50,9,882,True,2025-02-22 10:41:04.348528
489,1,27,12,920,True,2025-09-10 05:33:06.348528
490,43,1,10,1057,False,2024-12-12 12:40:24.348528
491,68,16,3,67,True,2025-10-19 15:23:26.348528
492,12,3,9,745,True,2025-05-19 18:45:52.348528
493,59,48,9,30,True,2024-12-28 04:24:10.348528
494,51,5,14,627,True,2025-09-24 09:57:41.348528
495,31,19,13,634,True,2025-10-13 17:04:51.348528
496,41,29,7,1468,True,2024-12-29 02:29:27.348528
497,14,10,15,1114,True,2025-03-29 20:00:11.348528
498,16,35,7,1694,True,2025-06-08 16:25:39.348528
499,60,17,6,818,False,2025-10-06 16:16:43.348528
500,91,45,6,262,True,2025-01-03 08:31:24.348528
501,92,16,9,411,False,2024-11-14 16:04:58.348528
502,34,12,15,1680,True,2025-08-01 01:13:54.348528
503,32,7,5,1189,True,2024-12-21 05:38:16.348528
504,8,50,4,265,False,2025-05-13 18:45:19.348528
505,88,41,19,1316,False,2025-08-16 14:37:33.348528
506,10,2,21,1540,False,2025-06-04 09:53:29.348528
507,12,22,2,1090,True,2025-01-15 02:05:49.348528
508,56,47,13,1314,False,2025-10-04 20:44:12.348528
509,23,23,5,197,True,2025-03-12 21:26:28.348528
510,20,3,4,511,True,2025-09-16 15:56:49.348528
511,64,27,2,856,False,2024-12-03 15:23:19.348528
512,50,9,17,1042,True,2025-02-25 04:10:03.348528
513,70,2,23,2138,False,2025-04-21 22:40:02.348528
514,70,32,17,1431,True,2025-04-02 19:20:34.348528
515,35,12,8,1877,True,2024-11-04 15:25:51.348528
516,8,31,19,1565,True,2025-02-16 11:00:51.348528
517,13,16,9,278,True,2024-11-17 13:11:27.348528
518,74,25,6,2161,True,2025-01-18 13:48:54.348528
519,76,21,12,2106,False,2025-08-18 06:13:46.348528
520,91,45,10,623,True,2025-01-01 01:42:16.348528
521,25,32,16,1031,True,2024-11-08 08:29:19.348528
522,8,15,17,836,False,2025-06-21 05:13:38.348528
523,43,40,11,1471,True,2025-01-18 16:59:02.348528
524,8,2,5,2059,True,2024-12-16 00:21:51.348528
525,47,5,13,1242,True,2025-08-16 08:52:51.348528
526,44,20,14,1085,True,2025-09-12 22:56:27.348528
527,84,21,23,1967,True,2025-08-30 18:11:38.348528
528,29,43,13,563,True,2025-03-26 15:55:31.348528
529,17,12,19,1984,False,2025-05-09 01:51:50.348528
530,5,12,20,2094,False,2025-02-11 04:29:28.348528
531,73,7,11,510,False,2024-11-28 13:52:03.348528
532,45,21,27,1482,True,2025-10-18 04:28:17.348528
533,94,22,7,889,True,2025-02-24 07:40:14.348528
534,45,17,1,1463,False,2024-11-13 19:15:14.348528
535,57,47,14,1454,False,2025-06-29 18:59:27.348528
536,45,35,16,1754,True,2025-08-12 04:54:12.348528
537,98,44,2,684,True,2024-11-06 15:56:23.348528
538,3,21,3,1499,True,2025-04-13 11:23:45.348528
539,49,11,2,530,True,2025-04-12 02:49:49.348528
540,79,31,21,1221,False,2025-01-13 03:18:51.348528
541,56,11,4,309,True,2025-01-25 20:06:14.348528
542,90,36,9,627,True,2025-03-04 15:27:08.348528
543,39,16,10,408,True,2025-07-28 23:04:38.348528
544,20,4,3,1811,False,2025-03-20 03:57:40.348528
545,77,31,7,806,True,2025-01-16 04:26:17.348528
546,38,6,10,1168,True,2025-05-11 22:20:56.348528
547,63,43,13,1041,True,2025-01-22 18:42:39.348528
548,49,24,9,357,True,2025-06-02 22:08:05.348528
549,34,15,2,1393,False,2025-01-05 08:43:24.348528
550,11,43,14,938,True,2025-08-17 13:29:09.348528
551,71,4,17,2212,False,2025-05-23 00:41:59.348528
552,88,31,16,1021,True,2025-03-22 08:04:37.348528
553,51,46,29,2048,True,2025-07-12 02:00:34.348528
554,87,40,15,2113,True,2025-01-16 11:17:19.348528
555,28,13,2,421,True,2025-10-04 21:03:16.348528
556,26,41,9,1839,True,2025-04-01 07:38:32.348528
557,12,25,11,1867,False,2025-03-11 00:07:25.348528
558,59,1,19,1310,False,2025-07-14 20:28:46.348528
559,15,27,4,946,True,2024-12-14 01:41:21.348528
560,100,7,12,1254,False,2025-05-18 14:49:09.348528
561,50,42,8,737,True,2024-11-08 11:28:19.348528
562,36,26,11,755,True,2025-10-10 19:49:43.348528
563,5,26,12,471,False,2025-02-18 06:59:49.348528
564,96,31,1,1161,False,2025-04-10 16:14:11.348528
565,40,18,23,1838,False,2025-10-05 08:46:42.348528
566,30,9,15,1145,True,2025-04-02 15:00:42.348528
567,94,27,7,457,True,2025-06-03 12:53:56.348528
568,53,48,6,444,True,2024-11-17 23:57:46.348528
569,21,5,13,1082,True,2024-12-29 00:17:28.348528
570,73,2,27,2234,True,2025-01-30 07:18:02.348528
571,32,3,12,249,True,2025-01-29 15:10:39.348528
572,48,30,4,962,True,2025-10-03 06:18:54.348528
573,31,24,6,768,True,2025-06-20 02:34:12.348528
574,71,23,5,863,True,2025-10-07 08:29:36.348528
575,37,2,28,1504,False,2025-08-08 13:00:20.348528
576,29,42,5,325,True,2025-09-18 20:06:43.348528
577,66,2,22,2123,False,2024-10-24 22:27:49.348528
578,17,42,1,934,True,2025-02-11 14:23:30.348528
579,78,20,21,1650,False,2025-03-09 20:37:58.348528
580,49,23,8,229,True,2025-03-24 00:09:30.348528
581,80,26,9,139,True,2025-09-24 18:49:40.348528
582,72,42,5,403,True,2025-10-05 09:08:18.348528
583,62,5,11,847,True,2025-03-10 14:42:38.348528
584,84,46,10,2131,False,2025-01-24 10:39:40.348528
585,67,49,26,1234,True,2025-08-23 19:54:54.348528
586,85,21,1,2130,False,2025-09-20 23:18:40.348528
587,38,17,13,1140,False,2024-11-08 02:25:47.348528
588,91,37,24,1815,False,2025-10-20 13:17:54.348528
589,88,35,22,1393,False,2025-04-21 23:40:23.348528
590,39,11,9,867,True,2025-01-20 15:53:55.348528
591,13,31,18,1044,True,2025-01-21 17:25:21.348528
592,84,6,24,1278,True,2025-03-26 20:30:41.348528
593,43,24,15,613,True,2024-12-19 22:20:03.348528
594,7,41,3,1865,False,2025-06-18 12:17:08.348528
595,65,8,17,1458,False,2025-03-21 20:14:35.348528
596,7,10,11,859,True,2025-05-18 01:56:01.348528
597,59,10,6,1386,True,2024-11-30 22:57:17.348528
598,43,41,21,1550,False,2024-11-18 05:22:26.348528
599,58,18,6,1752,True,2025-08-11 10:58:15.348528
600,63,49,20,1308,False,2025-05-31 04:16:01.348528
601,55,26,7,620,True,2024-10-22 06:34:33.348528
602,69,13,6,30,True,2025-07-18 12:08:28.348528
603,3,44,4,973,True,2025-02-12 17:44:23.348528
604,40,9,10,899,True,2025-01-13 07:34:46.348528
605,6,20,17,1390,False,2025-08-22 00:17:06.348528
606,44,28,11,1097,False,2025-06-27 18:16:56.348528
607,97,13,7,819,True,2024-10-29 13:31:08.348528
608,29,47,24,1500,False,2024-11-01 02:40:21.348528
609,65,11,11,698,True,2024-11-08 18:51:46.348528
610,82,17,2,1364,False,2025-08-20 06:56:55.348528
611,85,7,2,386,True,2025-10-08 09:25:05.348528
612,54,29,9,1952,False,2025-06-19 10:46:39.348528
613,27,45,5,51,True,2025-05-23 08:52:44.348528
614,85,34,5,1292,True,2025-05-22 09:01:20.348528
615,66,47,4,1573,False,2024-12-13 23:19:28.348528
616,26,39,9,167,True,2025-01-31 18:14:02.348528
617,91,27,16,406,True,2025-02-03 22:42:10.348528
618,43,16,2,693,True,2024-12-16 02:06:24.348528
619,86,32,17,944,True,2024-11-27 08:53:25.348528
620,33,42,5,417,True,2025-06-14 07:01:33.348528
621,13,12,10,2138,False,2025-04-22 16:35:16.348528
622,55,48,1,787,True,2024-10-24 10:14:28.348528
623,85,42,8,480,True,2025-09-03 14:58:16.348528
624,94,6,6,1400,True,2024-12-17 19:47:39.348528
625,52,30,16,706,True,2025-05-24 04:49:34.348528
626,22,8,2,1811,True,2025-01-09 08:58:42.348528
627,54,38,15,1182,True,2025-01-21 03:27:36.348528
628,49,50,14,161,True,2025-10-05 09:57:34.348528
629,62,32,15,1273,True,2024-11-12 07:30:30.348528
630,34,42,14,835,True,2025-10-03 00:18:37.348528
631,99,48,4,494,True,2025-09-27 17:31:10.348528
632,67,34,4,1305,False,2025-05-29 14:15:10.348528
633,62,23,7,662,True,2025-01-05 01:31:52.348528
634,79,4,17,1534,True,2025-06-17 23:15:19.348528
635,22,5,8,892,False,2025-04-07 15:19:47.348528
636,7,33,13,1654,True,2025-05-14 13:45:30.348528
637,11,30,15,898,True,2024-12-04 23:21:02.348528
638,58,21,24,1901,True,2025-09-19 05:50:58.348528
639,14,26,9,702,True,2024-10-20 08:30:42.348528
640,78,40,18,1858,False,2025-02-03 05:02:08.348528
641,86,30,2,684,False,2025-02-11 21:44:55.348528
642,43,36,8,494,True,2025-09-21 18:25:46.348528
643,92,29,22,2169,True,2025-02-10 05:16:56.348528
644,44,23,5,825,True,2025-07-28 00:12:26.348528
645,48,45,8,210,True,2024-12-30 20:06:05.348528
646,14,17,4,918,False,2025-05-09 13:03:06.348528
647,59,13,13,98,True,2025-05-20 06:53:43.348528
648,82,44,15,1012,True,2025-06-07 21:51:19.348528
649,85,38,16,737,False,2024-10-23 00:30:44.348528
650,95,4,27,1817,False,2025-08-15 22:47:07.348528
651,66,50,12,313,False,2025-08-12 11:31:29.348528
652,94,9,11,1057,True,2025-07-05 19:12:27.348528
653,54,39,4,678,True,2025-03-09 19:41:18.348528
654,44,19,5,448,True,2025-05-20 03:08:23.348528
655,90,48,12,779,True,2025-07-27 16:37:53.348528
656,92,48,4,563,False,2025-01-30 12:50:16.348528
657,80,46,22,1817,True,2024-12-27 04:52:17.348528
658,23,33,11,1648,False,2025-10-18 09:24:15.348528
659,98,23,10,602,True,2025-09-26 20:24:08.348528
660,87,48,5,462,True,2025-05-24 05:40:02.348528
661,67,7,2,514,True,2025-09-28 07:15:48.348528
662,26,18,10,1124,False,2025-10-04 14:19:30.348528
663,19,4,7,1676,False,2025-07-24 06:22:43.348528
664,46,29,22,2280,True,2025-08-03 13:22:09.348528
665,96,42,9,357,True,2025-10-11 15:40:30.348528
666,89,43,13,774,True,2025-05-21 16:35:09.348528
667,71,4,7,1631,True,2025-09-02 21:20:02.348528
668,29,41,12,1893,False,2025-08-18 01:06:14.348528
669,95,39,4,640,True,2025-03-19 21:32:36.348528
670,23,44,12,399,True,2025-07-10 09:32:52.348528
671,49,3,5,449,True,2024-12-25 11:03:42.348528
672,75,17,5,1203,True,2024-11-09 10:47:55.348528
673,42,39,10,538,True,2025-09-23 16:10:01.348528
674,63,37,26,1538,False,2025-10-17 16:46:31.348528
675,68,15,3,1349,False,2025-07-05 11:00:18.348528
676,54,35,12,1000,False,2025-02-10 12:58:13.348528
677,85,22,7,918,True,2025-09-02 00:31:02.348528
678,61,36,1,544,True,2024-12-17 17:48:00.348528
679,58,16,10,634,False,2025-02-21 06:39:15.348528
680,88,21,4,2207,False,2025-05-05 14:32:40.348528
681,70,47,27,1813,True,2025-04-29 23:55:40.348528
682,66,29,21,1695,False,2025-01-26 16:51:53.348528
683,66,6,25,1221,False,2025-07-23 00:36:57.348528
684,1,41,21,1916,True,2025-02-06 20:38:50.348528
685,14,14,12,797,True,2025-05-31 04:44:35.348528
686,10,48,8,30,True,2025-04-07 06:34:54.348528
687,12,5,9,1377,True,2025-08-01 07:46:01.348528
688,74,15,13,1233,False,2025-06-08 04:08:52.348528
689,52,28,22,1358,True,2024-12-20 00:40:30.348528
690,1,42,13,178,True,2025-08-15 06:51:34.348528
691,90,5,4,1078,True,2025-03-17 16:10:27.348528
692,78,6,13,1498,True,2025-05-10 06:19:28.348528
693,61,11,12,109,True,2025-05-09 01:04:18.348528
694,38,41,26,1923,True,2025-09-16 18:47:15.348528
695,2,36,2,30,True,2024-11-10 05:23:08.348528
696,74,39,2,458,True,2025-03-25 12:51:01.348528
697,96,48,4,268,True,2025-05-20 04:43:12.348528
698,66,10,20,880,True,2025-02-26 12:16:39.348528
699,15,12,2,1846,False,2025-07-28 21:59:47.348528
700,83,36,2,567,True,2025-02-25 08:46:40.348528
701,26,47,12,1622,False,2024-12-25 05:04:03.348528
702,31,7,7,437,True,2025-03-31 22:53:31.348528
703,58,22,19,931,True,2025-01-07 01:47:37.348528
704,73,24,6,750,False,2024-10-22 16:36:22.348528
705,32,15,14,1472,False,2025-03-10 18:17:27.348528
706,18,44,8,1120,True,2025-06-13 21:25:02.348528
707,46,50,2,696,True,2025-01-18 04:42:22.348528
708,78,6,5,1929,False,2025-07-22 12:21:15.348528
709,34,47,24,1362,False,2024-11-27 05:52:50.348528
710,65,41,19,1825,True,2025-05-16 02:41:06.348528
711,28,3,9,436,True,2025-06-19 05:00:38.348528
712,100,10,19,882,True,2025-03-17 10:04:37.348528
713,60,33,12,1402,False,2025-07-04 05:35:17.348528
714,85,16,10,831,True,2025-10-05 11:14:26.348528
715,97,33,6,1159,True,2025-08-06 01:48:11.348528
716,85,10,12,1149,False,2024-11-09 13:10:10.348528
717,98,32,12,1122,True,2025-02-16 06:45:39.348528
718,86,14,6,888,True,2025-05-06 22:18:10.348528
719,59,3,6,544,True,2024-12-12 00:11:06.348528
720,82,18,19,1229,False,2025-07-26 01:57:41.348528
721,23,25,19,1676,False,2025-09-19 08:02:11.348528
722,67,17,17,954,True,2025-05-15 18:03:04.348528
723,45,32,1,1470,False,2025-07-03 10:15:43.348528
724,57,11,11,496,True,2025-03-12 12:54:12.348528
725,20,12,23,1882,True,2024-12-19 13:35:20.348528
726,54,22,16,1111,False,2025-06-22 12:52:26.348528
727,76,11,1,390,True,2025-02-21 06:46:24.348528
728,17,37,21,1601,False,2025-07-09 06:37:45.348528
729,74,10,6,918,True,2025-07-11 19:57:52.348528
730,77,37,24,2363,False,2025-09-23 15:31:21.348528
731,11,14,14,560,True,2025-06-23 11:24:45.348528
732,29,27,6,1179,True,2025-09-04 23:48:01.348528
733,34,11,8,320,True,2025-08-22 02:42:19.348528
734,9,15,4,951,True,2024-10-28 12:34:11.348528
735,67,33,5,1842,False,2025-08-26 08:42:31.348528
736,23,31,2,1394,False,2025-07-19 23:31:41.348528
737,97,8,5,1743,True,2025-08-25 00:50:14.348528
738,1,50,9,573,True,2025-05-23 18:41:15.348528
739,6,45,13,276,True,2025-06-23 19:04:58.348528
740,45,38,19,1379,False,2024-12-09 20:41:38.348528
741,18,17,3,964,True,2025-03-15 02:59:08.348528
742,70,27,1,371,True,2025-08-12 00:13:39.348528
743,16,34,7,1342,True,2025-10-07 16:42:14.348528
744,53,24,9,748,True,2025-03-03 00:43:17.348528
745,55,37,22,1746,False,2025-05-11 12:37:07.348528
746,53,36,3,374,True,2025-04-28 01:33:30.348528
747,72,31,19,1094,True,2025-04-14 19:41:52.348528
748,95,9,4,1059,False,2025-02-14 21:27:45.348528
749,90,11,7,490,True,2025-04-12 01:14:54.348528
750,79,45,3,95,True,2025-05-08 04:21:14.348528
751,1,6,20,1532,False,2025-05-30 08:24:41.348528
752,9,17,20,807,True,2024-11-08 19:11:43.348528
753,52,40,23,1631,False,2025-08-21 07:17:40.348528
754,100,12,1,1715,False,2025-02-01 05:07:08.348528
755,67,19,8,1114,True,2025-08-30 11:22:23.348528
756,87,3,1,550,True,2025-01-08 08:21:51.348528
757,36,50,7,817,True,2025-05-16 02:32:27.348528
758,26,34,3,1392,True,2024-12-06 01:12:45.348528
759,37,47,12,1880,False,2025-04-15 15:16:11.348528
760,29,39,7,363,False,2025-08-10 05:22:18.348528
761,34,12,18,1375,False,2024-11-26 23:31:20.348528
762,38,22,17,1440,False,2025-03-01 00:47:13.348528
763,74,17,19,1112,False,2025-06-24 14:03:35.348528
764,97,22,15,1087,False,2025-08-16 06:11:53.348528
765,62,8,21,1459,True,2025-02-09 13:34:26.348528
766,41,27,1,894,False,2025-10-13 14:47:26.348528
767,32,19,11,1001,True,2024-11-28 01:23:35.348528
768,23,31,19,1003,True,2025-03-06 11:51:26.348528
769,96,44,8,416,False,2025-01-30 13:45:12.348528
770,95,16,4,217,True,2025-01-31 14:17:37.348528
771,80,23,2,115,True,2024-11-29 23:08:23.348528
772,79,1,2,1226,False,2025-06-23 18:43:02.348528
773,80,21,28,1980,False,2025-03-09 23:04:19.348528
774,24,49,13,1462,False,2025-02-11 02:11:53.348528
775,17,4,16,1807,False,2025-07-23 06:23:17.348528
776,65,23,13,708,True,2025-01-17 21:50:54.348528
777,16,45,12,365,True,2024-10-24 05:37:58.348528
778,87,14,6,181,True,2025-04-24 03:30:47.348528
779,34,12,9,1508,False,2025-06-19 03:31:27.348528
780,44,24,7,746,True,2025-05-22 18:45:28.348528
781,47,26,10,316,True,2024-12-27 02:10:12.348528
782,88,15,9,1554,False,2025-02-18 01:25:18.348528
783,56,25,24,2121,True,2025-01-04 22:25:24.348528
784,2,12,21,1403,False,2025-07-12 00:38:39.348528
785,93,21,9,1699,False,2025-08-04 01:52:36.348528
786,7,26,1,299,True,2025-02-07 14:27:39.348528
787,61,41,11,1992,True,2025-03-02 18:20:41.348528
788,47,36,5,709,True,2025-04-14 05:55:28.348528
789,53,8,20,1763,True,2025-01-30 02:12:18.348528
790,74,42,13,292,True,2025-03-14 18:07:53.348528
791,42,44,12,1015,True,2025-06-05 08:03:26.348528
792,49,40,5,1984,True,2025-01-14 04:31:31.348528
793,44,27,13,951,True,2024-11-25 08:04:58.348528
794,21,22,10,942,True,2025-10-18 14:56:27.348528
795,78,42,13,569,True,2025-04-24 02:34:17.348528
796,67,29,28,1580,False,2024-10-31 09:45:18.348528
797,94,16,12,767,True,2024-11-29 12:52:09.348528
798,22,26,8,197,True,2025-07-27 07:09:44.348528
799,4,50,2,915,True,2024-12-12 14:45:29.348528
800,80,10,10,1053,True,2025-02-14 14:12:35.348528
801,95,19,5,441,True,2025-07-16 11:24:50.348528
802,4,3,6,761,True,2025-06-20 22:12:44.348528
803,70,18,23,1098,False,2025-07-23 11:38:53.348528
804,76,39,11,664,True,2025-08-04 21:02:22.348528
805,68,41,12,1547,False,2025-06-24 00:51:04.348528
806,30,6,14,1424,True,2025-03-02 10:52:19.348528
807,39,1,5,1506,True,2025-04-14 15:38:35.348528
808,61,35,16,1409,True,2025-03-22 05:32:06.348528
809,99,28,8,1571,False,2024-10-24 01:09:44.348528
810,48,13,7,562,True,2025-05-10 14:18:03.348528
811,21,46,27,1863,False,2025-05-01 13:14:02.348528
812,34,6,17,1295,True,2025-08-29 15:06:02.348528
813,37,42,5,942,True,2025-05-19 12:02:50.348528
814,9,12,21,1379,True,2025-06-11 03:41:36.348528
815,58,18,7,1463,False,2025-04-02 05:54:31.348528
816,20,4,6,1396,False,2024-12-11 15:28:26.348528
817,35,9,1,1128,True,2025-02-16 08:29:11.348528
818,20,1,14,1022,True,2025-03-28 23:20:54.348528
819,48,30,11,344,True,2024-11-30 10:31:17.348528
820,8,18,18,1033,False,2025-06-17 11:48:52.348528
821,25,17,1,1574,False,2024-12-21 14:16:00.348528
822,50,50,12,385,False,2024-11-06 12:27:15.348528
823,59,48,11,449,True,2025-02-03 22:25:03.348528
824,50,44,3,552,False,2025-09-07 06:44:18.348528
825,96,36,8,139,True,2025-09-11 16:04:55.348528
826,26,24,7,1196,False,2024-12-16 13:47:37.348528
827,82,28,9,1131,True,2025-08-15 09:33:31.348528
828,51,16,10,49,True,2025-10-08 22:30:23.348528
829,89,39,2,687,True,2025-02-24 10:56:38.348528
830,64,6,25,1396,False,2025-09-05 07:23:20.348528
831,8,23,9,724,True,2024-12-13 09:47:01.348528
832,63,15,21,1387,True,2025-04-15 21:10:32.348528
833,94,13,6,374,True,2024-12-27 14:19:48.348528
834,6,32,10,1424,False,2025-07-24 23:02:46.348528
835,25,37,11,1820,True,2025-06-16 15:13:36.348528
836,77,36,3,423,True,2025-06-07 15:58:03.348528
837,34,35,21,906,True,2025-07-06 19:00:10.348528
838,94,12,12,1900,False,2025-09-02 13:53:47.348528
839,42,47,27,1835,True,2025-05-06 12:06:55.348528
840,68,44,3,786,True,2025-08-29 15:30:39.348528
841,42,27,4,479,True,2025-07-15 05:11:31.348528
842,9,3,3,30,True,2024-11-05 12:33:35.348528
843,14,32,19,884,True,2025-09-13 19:21:03.348528
844,85,32,19,1570,True,2025-02-28 06:59:22.348528
845,47,15,1,888,False,2025-02-04 05:04:39.348528
846,63,6,2,1704,True,2025-04-23 01:31:09.348528
847,96,27,2,1179,False,2025-08-31 14:52:49.348528
848,68,3,5,734,True,2024-11-28 13:03:47.348528
849,67,7,13,602,True,2025-01-25 12:14:01.348528
850,68,43,6,1024,True,2025-08-02 01:31:25.348528
851,54,48,10,569,True,2025-04-21 21:54:14.348528
852,90,43,6,490,True,2025-01-21 01:13:34.348528
853,52,33,18,1157,True,2025-08-23 21:19:55.348528
854,46,21,28,1724,False,2025-04-28 20:12:55.348528
855,98,41,11,1973,False,2025-08-27 13:58:00.348528
856,73,35,18,1690,True,2025-02-27 18:18:36.348528
857,58,29,24,1392,False,2024-11-06 15:33:36.348528
858,77,2,1,1647,False,2025-03-22 13:16:52.348528
859,28,21,23,2233,True,2025-03-11 01:21:38.348528
860,66,36,3,465,True,2024-12-07 06:34:35.348528
861,59,23,6,277,True,2025-08-14 14:17:58.348528
862,30,17,19,820,False,2025-05-13 01:55:17.348528
863,28,47,26,1616,True,2025-06-24 11:29:51.348528
864,63,45,2,881,True,2025-08-21 04:35:10.348528
865,39,3,7,470,True,2024-11-29 07:14:18.348528
866,99,22,14,1454,True,2025-05-21 09:35:28.348528
867,99,15,20,1685,False,2024-10-26 04:16:53.348528
868,100,41,17,1542,True,2024-11-10 16:49:42.348528
869,70,37,23,1978,True,2025-02-10 10:46:48.348528
870,7,44,8,624,True,2025-08-21 02:08:48.348528
871,65,6,13,1346,True,2025-01-03 10:00:55.348528
872,44,6,2,1813,False,2025-07-27 19:44:11.348528
873,34,6,25,1494,True,2025-10-12 09:56:57.348528
874,98,9,16,586,True,2025-05-11 04:57:00.348528
875,74,13,9,741,True,2025-02-23 14:01:29.348528
876,10,18,22,1291,False,2025-08-10 08:27:52.348528
877,15,43,12,758,True,2025-01-25 16:52:48.348528
878,45,39,5,686,True,2025-01-14 17:56:07.348528
879,79,29,2,1843,False,2025-02-16 12:28:22.348528
880,88,24,3,1057,True,2024-12-16 07:11:17.348528
881,32,40,27,2227,False,2025-03-16 05:42:09.348528
882,44,45,8,354,True,2025-06-18 06:01:50.348528
883,43,14,4,294,True,2025-07-27 00:15:14.348528
884,97,17,5,1363,True,2025-10-10 05:52:19.348528
885,49,38,2,1139,False,2025-02-27 11:24:13.348528
886,8,19,9,1025,True,2024-11-16 22:07:52.348528
887,84,1,9,1348,True,2025-09-24 18:19:03.348528
888,14,2,13,2002,True,2025-02-15 19:03:48.348528
889,66,46,16,1787,True,2025-08-22 00:33:21.348528
890,12,12,18,1734,True,2025-10-19 05:59:05.348528
891,6,16,6,318,False,2025-06-27 19:31:32.348528
892,96,11,6,670,True,2025-04-20 03:57:59.348528
893,39,16,5,519,False,2024-11-21 03:59:12.348528
894,33,25,1,2136,False,2025-07-31 15:24:14.348528
895,29,10,5,1056,True,2024-12-03 19:07:05.348528
896,67,44,11,862,True,2025-02-13 20:23:49.348528
897,31,37,20,1783,True,2025-04-06 21:33:22.348528
898,70,9,7,525,True,2024-12-29 16:27:10.348528
899,89,46,14,1602,False,2025-01-03 05:05:42.348528
900,73,11,9,540,True,2024-12-19 11:54:23.348528
901,41,10,11,1437,False,2025-05-19 20:10:32.348528
902,39,29,21,2233,False,2025-03-09 10:44:06.348528
903,100,13,1,177,True,2025-08-30 03:39:53.348528
904,35,39,10,134,True,2025-02-15 13:36:35.348528
905,88,2,25,2042,True,2025-06-21 10:05:04.348528
906,65,39,6,563,True,2025-01-22 19:18:34.348528
907,63,31,8,977,True,2024-11-05 20:04:43.348528
908,98,1,8,1094,False,2025-09-28 12:35:14.348528
909,97,14,14,527,True,2025-08-31 23:02:26.348528
910,89,21,14,1644,False,2025-05-15 06:43:31.348528
911,78,48,6,653,True,2025-05-10 03:28:00.348528
912,96,37,21,2001,False,2025-10-15 06:36:16.348528
913,67,7,2,1212,True,2025-02-23 00:05:16.348528
914,69,26,9,172,False,2025-05-06 23:59:38.348528
915,98,41,10,1424,False,2025-06-02 19:41:40.348528
916,39,50,3,604,True,2025-05-24 15:55:19.348528
917,79,4,15,1519,False,2025-09-15 21:38:53.348528
918,12,47,25,1468,False,2025-08-16 01:05:47.348528
919,18,26,1,593,True,2025-01-19 21:43:13.348528
920,76,46,3,1929,False,2025-02-25 17:00:06.348528
921,89,42,3,929,False,2024-12-22 08:31:21.348528
922,15,46,3,1835,False,2025-07-15 19:11:12.348528
923,94,33,13,1159,False,2025-07-28 19:03:35.348528
924,6,50,10,475,True,2025-09-22 10:40:01.348528
925,21,10,2,1383,True,2025-05-22 16:25:07.348528
926,40,47,10,1740,False,2025-09-05 11:46:53.348528
927,16,9,9,387,False,2024-10-26 21:54:04.348528
928,64,32,20,857,True,2025-06-29 13:51:48.348528
929,28,38,14,1064,False,2025-06-03 08:05:36.348528
930,77,39,5,458,True,2025-09-03 04:05:25.348528
931,72,14,1,229,True,2025-09-19 17:54:35.348528
932,5,10,19,1337,False,2025-08-24 16:04:06.348528
933,43,6,6,1476,True,2025-01-10 15:33:23.348528
934,79,43,6,993,True,2025-06-11 02:16:55.348528
935,47,3,6,186,True,2025-04-26 18:59:57.348528
936,9,49,3,1739,False,2025-03-18 22:20:39.348528
937,18,8,11,1349,False,2025-07-16 20:16:01.348528
938,68,14,1,704,True,2024-12-15 02:00:19.348528
939,94,41,16,1319,False,2025-10-08 03:13:18.348528
940,91,19,11,1180,True,2025-03-02 00:19:53.348528
941,74,40,20,1470,True,2025-08-04 23:16:32.348528
942,67,47,26,1788,False,2025-01-21 03:23:25.348528
943,30,46,1,1662,True,2024-12-19 06:04:32.348528
944,60,41,7,1985,False,2025-08-31 20:17:55.348528
945,53,3,11,453,True,2025-02-05 05:36:49.348528
946,82,13,13,248,True,2024-11-23 16:24:29.348528
947,39,33,1,1781,False,2024-12-17 17:20:13.348528
948,44,26,1,762,True,2025-01-17 12:15:59.348528
949,43,22,16,1108,False,2024-11-08 04:42:35.348528
950,18,31,18,1251,True,2025-04-09 22:02:25.348528
951,53,48,5,449,True,2025-08-05 16:41:22.348528
952,72,35,22,1497,True,2025-04-07 18:04:35.348528
953,9,10,11,685,True,2025-05-01 04:00:47.348528
954,69,11,3,368,True,2025-08-20 09:27:24.348528
955,97,20,23,1246,False,2024-11-05 15:05:14.348528
956,53,6,12,1293,False,2025-06-08 16:13:15.348528
957,28,34,12,786,True,2024-11-08 12:33:38.348528
958,12,29,16,2210,False,2025-07-03 10:48:44.348528
959,25,22,17,1368,False,2025-03-27 17:07:13.348528
960,19,50,9,973,False,2025-10-01 10:02:04.348528
961,27,47,23,1680,True,2025-07-14 09:25:11.348528
962,1,20,20,1627,False,2024-12-03 17:20:13.348528
963,60,3,11,664,True,2025-03-28 06:01:15.348528
964,74,49,11,1390,True,2025-01-30 12:12:46.348528
965,37,18,15,1751,False,2025-09-28 09:29:09.348528
966,35,10,1,771,True,2025-09-04 01:34:40.348528
967,66,7,11,724,True,2025-03-07 10:21:23.348528
968,91,19,3,487,True,2025-03-29 03:31:50.348528
969,44,35,1,1039,True,2025-06-18 07:02:22.348528
970,14,25,13,1738,True,2025-01-20 02:54:23.348528
971,76,41,15,1946,False,2025-08-31 18:09:01.348528
972,40,22,18,1348,False,2024-11-29 22:09:28.348528
973,73,9,15,1205,True,2024-12-08 21:47:23.348528
974,40,44,8,1006,True,2025-06-17 13:38:17.348528
975,29,10,9,1285,False,2025-04-24 19:28:39.348528
976,24,45,13,380,False,2025-04-04 21:42:21.348528
977,63,2,12,1453,True,2025-06-22 21:59:44.348528
978,22,19,5,930,False,2025-07-07 08:57:00.348528
979,52,46,18,1797,False,2025-09-17 07:47:05.348528
980,39,35,14,1510,True,2025-02-20 03:48:28.348528
981,32,36,7,373,True,2024-11-22 17:36:27.348528
982,27,45,7,845,True,2025-08-06 17:39:41.348528
983,70,45,11,720,True,2024-11-29 02:06:29.348528
984,63,8,11,1542,False,2025-07-31 08:45:28.348528
985,57,12,3,1681,True,2025-08-22 09:09:42.348528
986,88,39,6,286,True,2025-07-01 04:41:09.348528
987,85,4,5,2210,True,2025-08-14 04:21:48.348528
988,1,49,15,1328,True,2025-07-19 15:48:56.348528
989,50,40,7,1538,False,2025-10-03 16:43:46.348528
990,39,37,10,2159,False,2025-05-30 17:44:12.348528
991,12,38,13,1122,True,2024-12-24 15:54:48.348528
992,8,24,1,366,False,2025-10-16 01:35:33.348528
993,46,8,1,1954,False,2025-02-17 20:55:14.348528
994,90,38,13,925,True,2025-05-15 19:05:41.348528
995,56,35,16,1083,True,2024-12-30 12:03:20.348528
996,72,25,27,1670,False,2025-05-21 10:49:09.348528
997,37,43,3,395,True,2025-09-16 05:46:27.348528
998,19,47,14,1957,False,2024-12-28 08:17:06.348528
999,18,42,8,994,True,2025-10-12 03:12:32.348528
1000,55,40,14,1859,True,2025-07-29 21:35:17.348528
1001,50,23,10,440,True,2024-10-24 02:14:40.348528
1002,64,47,9,1797,True,2025-05-19 01:05:16.348528
1003,74,24,16,350,True,2025-10-15 18:37:19.348528
1004,15,38,3,1307,True,2025-01-01 00:22:06.348528
1005,97,50,2,661,True,2025-07-15 03:24:52.348528
1006,12,16,11,765,True,2025-09-27 08:02:43.348528
1007,88,41,10,1823,False,2025-08-29 07:07:26.348528
1008,44,35,15,1386,False,2025-07-09 22:17:12.348528
1009,74,47,26,1645,True,2025-03-19 15:43:56.348528
1010,22,3,12,491,True,2025-03-25 01:43:35.348528
1011,34,4,6,1966,False,2025-08-09 07:04:54.348528
1012,85,19,1,951,False,2025-03-15 22:51:07.348528
1013,11,9,9,1255,True,2025-02-26 10:01:41.348528
1014,79,18,1,1223,True,2024-12-17 03:11:13.348528
1015,23,38,15,1274,False,2025-04-27 11:35:18.348528
1016,34,45,13,227,True,2025-07-17 06:24:26.348528
1017,44,6,5,1659,False,2025-06-30 20:14:14.348528
1018,99,25,24,1752,True,2025-09-11 11:17:35.348528
1019,27,37,2,1817,False,2025-09-13 14:49:43.348528
1020,97,8,13,1543,True,2025-06-20 16:10:29.348528
1021,61,48,4,461,False,2025-05-02 19:24:16.348528
1022,61,17,14,1617,True,2024-10-26 15:43:01.348528
1023,58,25,22,1844,False,2024-11-10 08:44:50.348528
1024,69,41,14,2094,True,2025-08-29 04:56:36.348528
1025,35,22,4,1439,True,2025-02-28 05:01:35.348528
1026,75,26,12,823,True,2025-02-21 02:38:14.348528
1027,99,13,12,681,True,2025-01-20 16:36:29.348528
1028,71,1,3,1523,False,2024-10-26 20:10:32.348528
1029,13,34,12,1128,True,2025-02-09 15:31:01.348528
1030,33,13,2,622,True,2024-11-19 02:50:03.348528
1031,85,14,2,731,False,2025-10-17 09:34:14.348528
1032,12,39,11,570,True,2025-08-05 11:55:46.348528
1033,15,45,8,343,True,2025-09-23 07:57:33.348528
1034,82,30,14,595,False,2025-10-09 16:58:38.348528
1035,33,11,13,253,True,2024-11-20 19:08:23.348528
1036,50,22,9,882,False,2025-01-19 21:14:36.348528
1037,9,32,20,1057,False,2025-05-09 11:41:57.348528
1038,83,32,14,1405,True,2025-02-09 03:33:22.348528
1039,83,7,9,1098,False,2024-12-11 06:28:18.348528
1040,10,5,15,820,True,2024-10-29 23:19:23.348528
1041,20,42,11,152,True,2025-05-07 14:54:11.348528
1042,20,45,10,442,True,2024-10-21 23:58:01.348528
1043,91,50,7,578,True,2024-11-25 00:52:04.348528
1044,29,1,16,1377,True,2024-12-22 01:51:18.348528
1045,69,23,7,316,True,2024-11-18 04:13:22.348528
1046,83,6,11,1923,True,2024-11-30 21:56:14.348528
1047,98,50,3,339,True,2025-07-30 06:38:04.348528
1048,50,43,13,1096,True,2024-12-14 04:09:45.348528
1049,89,23,8,653,True,2025-01-25 10:17:51.348528
1050,5,13,4,595,True,2025-06-27 19:21:25.348528
1051,9,35,18,1417,False,2025-06-07 05:48:00.348528
1052,5,22,2,1424,True,2025-05-15 09:30:20.348528
1053,28,42,11,583,True,2025-07-21 10:37:32.348528
1054,95,38,2,673,True,2024-12-31 23:00:09.348528
1055,84,2,2,1971,False,2025-02-22 04:49:26.348528
1056,17,1,10,723,True,2024-12-08 21:48:42.348528
1057,79,11,2,35,True,2024-12-17 23:18:10.348528
1058,77,40,7,2161,True,2025-05-26 17:29:05.348528
1059,95,44,11,345,True,2025-08-11 01:04:39.348528
1060,18,21,7,2204,False,2024-11-13 02:47:45.348528
1061,23,22,5,898,True,2025-05-20 11:19:15.348528
1062,90,24,8,761,True,2025-08-13 06:41:03.348528
1063,18,7,13,1013,False,2025-01-08 05:46:17.348528
1064,63,6,3,1233,True,2025-10-17 04:55:55.348528
1065,76,19,16,1138,True,2025-10-09 09:49:21.348528
1066,27,10,15,1189,False,2025-05-18 13:54:48.348528
1067,23,40,6,1948,False,2025-07-03 03:29:11.348528
1068,12,41,12,1538,False,2025-05-22 05:22:08.348528
1069,72,16,2,548,True,2025-09-01 18:22:44.348528
1070,98,35,21,1381,True,2025-09-22 12:46:46.348528
1071,36,4,5,2189,True,2025-10-05 22:28:31.348528
1072,64,12,2,1310,True,2025-09-15 18:27:44.348528
1073,37,14,10,420,True,2025-06-09 06:46:46.348528
1074,14,48,3,466,True,2025-01-08 06:15:38.348528
1075,63,33,24,1236,True,2025-06-05 02:46:56.348528
1076,75,21,22,2157,False,2025-04-04 13:34:43.348528
1077,100,8,8,1168,True,2025-05-19 12:28:57.348528
1078,49,15,16,1415,True,2024-11-16 21:04:18.348528
1079,19,14,3,543,False,2025-05-06 18:48:02.348528
1080,18,30,12,959,True,2025-03-07 12:33:53.348528
1081,43,9,2,966,True,2025-03-12 10:10:20.348528
1082,15,30,11,487,True,2025-02-09 15:56:56.348528
1083,78,11,10,623,True,2025-01-16 02:15:04.348528
1084,71,15,17,1693,True,2025-06-27 13:04:58.348528
1085,76,31,1,1065,False,2025-05-27 14:10:58.348528
1086,32,21,19,1619,False,2025-01-05 02:05:25.348528
1087,1,27,16,407,False,2025-07-05 06:25:35.348528
1088,55,34,4,1501,True,2025-06-08 23:14:07.348528
1089,31,6,23,1062,False,2025-05-16 13:08:23.348528
1090,17,23,2,669,True,2024-10-28 22:40:15.348528
1091,86,20,19,1394,True,2025-08-14 06:05:28.348528
1092,59,30,13,1207,False,2025-01-22 18:41:20.348528
1093,81,30,3,313,True,2025-05-05 17:19:23.348528
1094,68,3,5,650,True,2025-10-13 03:30:10.348528
1095,70,37,22,2270,False,2024-12-01 03:47:33.348528
1096,43,48,11,443,False,2025-04-24 07:04:47.348528
1097,15,25,2,1935,True,2025-04-25 18:32:38.348528
1098,23,42,9,182,True,2025-10-18 12:39:21.348528
1099,18,22,16,734,True,2025-08-13 12:50:27.348528
1100,97,48,6,244,True,2025-03-05 23:32:12.348528
1101,88,28,12,1024,True,2025-04-14 21:40:27.348528
1102,63,33,16,1121,False,2025-10-19 00:34:06.348528
1103,87,35,20,1368,False,2025-04-26 07:35:30.348528
1104,25,30,6,712,True,2025-03-16 08:00:14.348528
1105,14,11,3,683,True,2025-07-01 10:40:55.348528
1106,27,34,10,695,False,2025-05-22 00:54:55.348528
1107,17,31,21,1234,True,2024-10-30 15:48:58.348528
1108,25,5,8,1385,True,2025-07-14 04:40:27.348528
1109,43,27,11,1037,True,2025-06-26 02:48:21.348528
1110,86,45,8,603,True,2025-06-11 16:16:25.348528
1111,73,9,6,697,False,2025-03-02 13:27:33.348528
1112,62,24,2,1100,False,2025-01-03 18:03:33.348528
1113,37,30,6,945,False,2025-10-20 00:41:34.348528
1114,37,12,23,2125,False,2025-10-09 10:47:26.348528
1115,21,16,10,330,True,2024-12-23 21:15:17.348528
1116,34,24,2,887,True,2025-09-25 16:44:31.348528
1117,45,10,6,1206,True,2025-07-20 16:10:55.348528
1118,16,2,25,1849,False,2025-01-02 21:52:45.348528
1119,41,10,18,1410,True,2025-07-06 17:15:50.348528
1120,83,46,25,1760,True,2025-08-09 10:33:27.348528
1121,73,47,11,1736,False,2025-10-07 09:17:30.348528
1122,94,31,22,922,False,2025-07-29 09:27:28.348528
1123,40,2,8,2199,False,2025-06-05 18:12:53.348528
1124,12,21,7,2048,True,2025-08-15 00:22:09.348528
1125,29,50,2,155,True,2025-07-22 21:25:16.348528
1126,87,43,13,908,False,2025-01-27 23:03:35.348528
1127,41,39,11,30,True,2025-04-22 19:40:37.348528
1128,19,46,13,1842,False,2025-04-28 05:38:46.348528
1129,37,23,9,462,True,2024-12-03 13:03:20.348528
1130,94,29,26,1817,False,2025-06-03 15:42:40.348528
1131,21,47,24,1718,False,2025-05-20 10:17:02.348528
1132,76,39,5,110,True,2025-06-21 00:19:41.348528
1133,43,5,13,1168,False,2024-12-04 05:26:36.348528
1134,53,41,6,1654,False,2025-07-31 22:01:39.348528
1135,91,37,7,1604,False,2025-01-23 19:06:08.348528
1136,38,36,5,722,True,2025-08-15 16:16:03.348528
1137,64,36,1,109,True,2024-10-21 10:48:37.348528
1138,34,20,21,1778,False,2025-06-18 09:43:25.348528
1139,84,43,6,811,False,2025-06-29 04:40:42.348528
1140,32,2,16,1621,True,2024-11-24 03:00:26.348528
1141,96,24,14,891,True,2025-03-02 04:04:01.348528
1142,88,31,4,1617,False,2025-04-29 23:51:46.348528
1143,94,37,6,1729,True,2025-08-13 07:19:58.348528
1144,19,21,5,2101,False,2025-04-20 11:08:54.348528
1145,7,18,12,1611,True,2024-11-13 15:45:21.348528
1146,38,34,17,750,False,2025-01-28 04:04:06.348528
1147,24,49,6,1946,True,2025-07-25 16:56:53.348528
1148,41,44,11,499,False,2025-10-12 18:24:05.348528
1149,13,35,5,1749,False,2024-10-26 10:11:19.348528
1150,67,19,14,808,True,2025-04-12 11:08:17.348528
1151,14,14,14,304,True,2025-01-25 01:32:33.348528
1152,79,45,9,580,True,2025-10-20 01:16:04.348528
1153,90,49,15,1603,False,2024-11-28 09:26:47.348528
1154,17,2,23,1657,False,2025-04-23 10:15:49.348528
1155,57,39,3,248,True,2025-10-18 16:17:44.348528
1156,4,48,3,143,True,2025-10-10 10:23:08.348528
1157,89,15,5,1030,True,2024-11-29 20:40:09.348528
1158,89,49,1,1255,False,2025-06-24 20:54:13.348528
1159,6,13,11,800,True,2025-07-10 02:47:57.348528
1160,8,31,2,1039,True,2024-11-22 16:11:06.348528
1161,86,1,4,1473,False,2025-08-24 12:40:51.348528
1162,76,13,1,347,True,2024-12-05 10:30:07.348528
1163,96,18,12,1316,False,2025-01-10 23:25:48.348528
1164,100,47,19,1801,False,2024-11-23 08:48:38.348528
1165,75,49,23,1398,True,2025-01-26 15:27:52.348528
1166,22,49,4,1918,False,2025-02-06 23:33:34.348528
1167,91,31,6,1383,True,2025-06-02 09:06:36.348528
1168,24,23,4,440,False,2025-07-10 13:29:14.348528
1169,53,8,4,1389,False,2025-06-15 09:13:08.348528
1170,67,9,10,753,True,2025-08-01 06:40:51.348528
1171,11,21,10,1786,False,2025-06-11 03:03:43.348528
1172,95,20,15,1785,False,2025-02-13 01:22:11.348528
1173,53,19,7,750,False,2024-11-24 22:31:16.348528
1174,87,24,16,1002,True,2025-09-29 09:01:54.348528
1175,51,29,3,2084,False,2024-12-20 10:25:20.348528
1176,51,26,12,236,True,2025-01-14 07:33:30.348528
1177,47,13,7,597,True,2024-12-21 13:40:51.348528
1178,55,47,23,2067,False,2025-08-14 02:48:59.348528
1179,35,49,13,1835,False,2025-04-20 22:31:36.348528
1180,86,39,9,394,False,2025-03-11 10:34:05.348528
1181,99,30,16,568,True,2025-07-01 13:36:23.348528
1182,81,9,2,1139,True,2024-11-23 23:20:20.348528
1183,87,2,20,1729,False,2025-10-02 17:06:23.348528
1184,20,20,3,1022,False,2025-09-24 00:07:59.348528
1185,99,32,10,1058,False,2025-09-23 23:19:49.348528
1186,63,33,18,1347,True,2025-07-26 05:50:45.348528
1187,98,3,7,30,False,2025-06-07 16:39:18.348528
1188,49,29,6,1425,False,2025-08-01 16:14:09.348528
1189,91,11,5,107,True,2025-05-07 22:57:00.348528
1190,98,8,22,1570,False,2025-07-31 00:50:28.348528
1191,74,31,6,1654,True,2025-07-06 07:13:54.348528
1192,51,17,20,1112,True,2025-10-01 18:02:46.348528
1193,99,19,2,340,True,2024-12-24 18:32:35.348528
1194,45,48,11,699,True,2025-04-12 19:03:31.348528
1195,13,28,14,1325,True,2025-04-17 07:15:27.348528
1196,85,16,5,669,True,2025-08-19 08:17:42.348528
1197,89,5,11,681,False,2025-01-14 05:55:12.348528
1198,69,21,28,2065,True,2025-05-25 01:53:04.348528
1199,66,27,16,1078,True,2025-08-17 06:00:43.348528
1200,41,25,19,1632,False,2024-12-09 22:58:59.348528
1201,13,45,8,386,True,2025-07-04 17:33:53.348528
1202,22,40,7,1784,True,2025-07-02 04:20:17.348528
1203,10,35,2,1177,True,2025-03-22 02:05:01.348528
1204,52,15,19,910,False,2024-12-08 02:45:05.348528
1205,44,18,17,1780,True,2025-06-20 20:45:10.348528
1206,27,23,5,673,True,2025-07-05 16:07:18.348528
1207,56,43,14,588,True,2025-05-13 14:21:02.348528
1208,80,33,18,1777,True,2025-01-20 05:52:47.348528
1209,81,46,19,1655,False,2025-07-02 12:57:21.348528
1210,85,48,11,190,False,2025-07-20 03:34:22.348528
1211,99,28,21,1704,False,2024-11-20 00:13:03.348528
1212,26,24,5,558,True,2025-10-05 16:08:06.348528
1213,56,27,3,1216,True,2025-09-09 12:36:49.348528
1214,53,18,6,1621,False,2025-03-01 03:05:33.348528
1215,31,26,4,285,True,2024-11-03 14:08:38.348528
1216,40,30,14,758,True,2025-09-16 06:32:59.348528
1217,26,11,5,30,True,2025-03-12 05:11:02.348528
1218,71,12,24,1309,False,2025-06-25 05:55:38.348528
1219,8,6,3,1355,True,2025-05-16 18:26:05.348528
1220,86,43,5,790,False,2025-02-17 09:16:40.348528
1221,74,48,9,39,True,2025-09-26 02:20:05.348528
1222,100,34,8,764,True,2025-08-23 09:39:16.348528
1223,99,21,24,1990,True,2025-05-07 13:47:33.348528
1224,55,14,4,257,True,2025-03-09 21:12:11.348528
1225,53,17,16,783,False,2025-07-20 18:50:42.348528
1226,90,8,16,1501,True,2025-10-04 14:10:18.348528
1227,36,10,12,1386,True,2025-03-26 05:58:11.348528
1228,83,39,11,655,True,2024-11-16 13:55:43.348528
1229,33,36,12,534,True,2025-04-23 09:38:46.348528
1230,69,16,1,403,True,2025-05-09 14:30:22.348528
1231,39,6,8,1824,False,2025-03-21 12:51:44.348528
1232,21,29,26,2292,False,2025-09-14 19:59:42.348528
1233,5,18,16,1802,False,2025-06-18 20:14:16.348528
1234,43,46,4,2303,False,2025-01-10 14:42:14.348528
1235,65,5,18,1180,True,2025-04-05 21:42:18.348528
1236,89,2,21,1994,False,2025-01-23 04:08:44.348528
1237,57,42,4,524,True,2025-09-06 16:19:37.348528
1238,41,37,8,1625,True,2025-07-12 04:50:18.348528
1239,98,9,14,1086,False,2025-04-01 21:38:26.348528
1240,62,48,11,93,True,2025-08-19 17:07:45.348528
1241,37,13,3,364,True,2025-05-09 18:56:25.348528
1242,74,15,18,839,True,2025-09-17 03:29:05.348528
1243,81,15,7,1289,False,2025-03-03 11:20:48.348528
1244,7,26,5,746,True,2025-01-04 08:26:42.348528
1245,48,11,1,90,False,2025-07-16 21:02:46.348528
1246,99,30,4,818,False,2025-02-11 12:35:55.348528
1247,25,18,13,1466,True,2024-12-25 20:54:21.348528
1248,27,39,5,741,True,2025-10-01 12:05:49.348528
1249,54,12,1,1415,False,2025-03-17 14:44:03.348528
1250,31,40,12,1592,False,2025-08-15 04:46:03.348528
1251,59,6,11,1186,True,2025-10-09 19:40:37.348528
1252,88,14,7,803,True,2025-08-21 14:31:53.348528
1253,10,7,11,419,True,2025-02-17 22:20:55.348528
1254,46,39,10,719,False,2025-10-18 06:51:34.348528
1255,1,17,10,1116,True,2025-05-10 18:42:23.348528
1256,17,36,5,63,True,2025-01-14 23:32:36.348528
1257,64,22,3,753,False,2025-04-01 00:30:52.348528
1258,56,10,2,974,True,2024-12-24 23:22:41.348528
1259,36,48,5,356,True,2025-03-04 03:31:07.348528
1260,98,17,6,1172,True,2025-03-30 23:05:21.348528
1261,98,10,15,1327,True,2024-11-16 12:04:51.348528
1262,20,4,16,1410,True,2025-03-02 11:09:26.348528
1263,91,30,2,818,True,2025-06-03 18:10:58.348528
1264,91,36,2,384,True,2025-01-03 09:42:16.348528
1265,45,6,6,1340,True,2025-01-14 23:43:30.348528
1266,35,37,7,2063,False,2025-08-14 05:21:09.348528
1267,68,50,2,558,True,2025-02-23 23:20:17.348528
1268,87,7,10,392,False,2025-10-03 09:38:38.348528
1269,51,24,11,420,True,2025-01-06 06:15:13.348528
1270,11,30,16,987,False,2025-06-10 04:04:48.348528
1271,35,39,1,235,True,2025-09-21 03:51:43.348528
1272,58,21,26,2143,False,2025-08-07 09:54:39.348528
1273,28,4,11,1663,False,2024-11-17 07:46:38.348528
1274,71,39,5,306,True,2025-01-19 13:56:36.348528
1275,99,26,4,1004,True,2025-01-11 19:20:50.348528
1276,100,26,11,902,True,2025-01-06 09:35:36.348528
1277,39,32,10,1605,False,2025-10-06 03:10:32.348528
1278,17,23,6,858,True,2025-07-09 12:28:46.348528
1279,63,29,9,1879,False,2025-08-05 03:03:36.348528
1280,55,6,12,1880,False,2025-08-30 11:59:15.348528
1281,56,41,17,1271,False,2025-04-12 22:04:44.348528
1282,87,15,5,1546,False,2025-07-01 00:24:00.348528
1283,81,42,8,411,True,2025-05-31 08:05:07.348528
1284,62,20,22,1054,True,2025-03-22 14:15:20.348528
1285,67,28,18,1008,True,2024-11-28 06:50:39.348528
1286,66,7,4,788,True,2025-06-15 01:54:00.348528
1287,33,23,13,89,True,2025-07-04 05:47:41.348528
1288,15,48,3,99,True,2025-05-09 06:51:01.348528
1289,11,27,11,670,False,2025-08-16 21:46:06.348528
1290,97,43,9,1211,True,2025-04-12 12:01:04.348528
1291,28,12,9,1884,True,2025-09-29 09:04:25.348528
1292,56,35,4,1310,True,2024-10-26 11:27:18.348528
1293,84,31,22,1194,True,2025-08-24 22:55:24.348528
1294,39,40,12,1969,False,2025-10-08 19:35:02.348528
1295,39,6,7,1064,True,2024-12-16 05:46:51.348528
1296,90,13,8,202,True,2025-09-17 10:29:14.348528
1297,84,16,13,647,True,2025-07-22 12:09:12.348528
1298,12,20,16,1075,False,2025-05-24 05:59:48.348528
1299,15,11,12,726,False,2025-06-04 22:51:45.348528
1300,61,2,8,1937,False,2025-01-31 15:56:13.348528
1301,73,26,2,140,True,2025-09-07 20:55:24.348528
1302,54,32,18,1462,False,2025-03-17 06:33:00.348528
1303,63,26,12,737,True,2025-08-29 22:57:59.348528
1304,30,46,14,1483,True,2025-08-11 16:42:08.348528
1305,71,5,14,1227,True,2025-06-19 09:27:36.348528
1306,64,40,15,1693,False,2025-10-12 21:05:06.348528
1307,3,11,8,166,True,2025-04-14 21:09:13.348528
1308,30,33,11,1697,True,2025-08-25 05:07:17.348528
1309,60,9,13,1124,False,2025-05-22 04:57:33.348528
1310,95,24,6,1130,False,2025-09-03 12:44:48.348528
1311,37,45,8,725,True,2024-12-25 11:30:42.348528
1312,26,11,13,73,True,2025-05-20 23:10:42.348528
1313,39,16,1,54,True,2025-04-21 14:41:53.348528
1314,46,44,14,1069,True,2025-07-04 06:21:59.348528
1315,9,22,8,1250,True,2024-12-21 01:39:49.348528
1316,29,32,12,1200,True,2024-11-13 01:28:59.348528
1317,35,10,17,1548,False,2025-08-25 08:59:39.348528
1318,91,4,26,1822,False,2025-06-11 09:14:28.348528
1319,14,40,4,2216,False,2025-08-03 06:43:50.348528
1320,65,7,7,486,True,2025-04-23 10:55:11.348528
1321,94,19,16,1092,True,2024-12-09 10:49:12.348528
1322,83,24,4,453,True,2025-01-31 21:11:23.348528
1323,54,50,14,383,True,2025-06-19 17:37:46.348528
1324,37,33,12,1268,True,2025-05-20 18:19:59.348528
1325,81,43,17,1155,True,2025-05-23 13:30:37.348528
1326,18,28,15,1379,True,2025-07-11 18:22:27.348528
1327,4,29,23,1402,True,2025-07-11 07:44:09.348528
1328,11,22,6,1408,True,2025-05-30 07:26:25.348528
1329,51,49,5,1832,True,2025-08-10 07:18:26.348528
1330,81,46,17,2360,False,2025-03-20 20:28:08.348528
1331,52,44,5,1116,True,2025-03-29 17:43:58.348528
1332,2,18,5,1585,False,2025-10-13 19:54:33.348528
1333,58,42,10,671,True,2025-09-02 04:56:32.348528
1334,57,45,13,873,True,2025-09-17 19:55:48.348528
1335,100,13,1,74,True,2025-07-22 17:22:51.348528
1336,50,47,5,2184,False,2025-07-14 00:53:31.348528
1337,37,14,5,643,True,2025-07-13 17:36:26.348528
1338,97,41,26,1258,True,2025-07-24 02:46:29.348528
1339,34,16,12,317,True,2025-05-24 23:35:56.348528
1340,15,47,9,1665,True,2025-09-06 23:40:47.348528
1341,46,8,4,1734,True,2025-06-06 16:03:03.348528
1342,74,48,4,263,True,2025-08-14 01:47:42.348528
1343,92,41,20,2094,False,2025-02-16 17:57:28.348528
1344,39,19,5,1146,True,2025-10-20 18:57:10.348528
1345,67,48,9,251,True,2025-08-14 12:12:47.348528
1346,100,24,14,462,True,2025-05-18 08:11:09.348528
1347,12,4,16,1507,False,2025-02-06 21:26:48.348528
1348,10,24,13,724,True,2025-03-05 02:28:34.348528
1349,64,41,23,1680,False,2025-06-27 20:22:55.348528
1350,21,10,15,1150,True,2024-12-25 23:53:13.348528
1351,68,8,16,1534,False,2024-11-05 10:54:46.348528
1352,72,24,14,433,False,2024-12-15 09:36:11.348528
1353,48,37,5,1999,True,2024-12-19 18:43:37.348528
1354,40,24,1,809,True,2025-01-01 10:22:39.348528
1355,76,27,10,678,True,2025-02-07 11:52:05.348528
1356,95,32,12,1412,True,2024-11-23 06:49:45.348528
1357,54,31,15,1359,True,2025-04-10 18:56:23.348528
1358,61,47,25,1419,False,2024-12-29 23:34:49.348528
1359,82,30,15,995,True,2025-01-04 17:02:35.348528
1360,12,40,13,1757,False,2025-02-16 19:35:54.348528
1361,44,35,15,1592,True,2025-03-12 04:43:10.348528
1362,12,11,11,555,True,2025-10-17 16:26:50.348528
1363,72,42,2,686,True,2025-01-27 03:43:43.348528
1364,70,37,17,2047,False,2025-01-24 22:31:37.348528
1365,65,2,6,1882,True,2024-10-29 15:12:48.348528
1366,27,16,10,865,True,2025-06-04 08:17:03.348528
1367,69,39,1,501,True,2025-06-28 06:02:58.348528
1368,44,28,17,984,True,2025-03-31 19:06:39.348528
1369,33,6,18,1151,True,2025-01-14 15:35:30.348528
1370,19,12,5,1357,True,2025-03-26 20:01:51.348528
1371,87,11,3,303,True,2024-11-02 07:19:56.348528
1372,39,25,14,1447,True,2025-04-03 14:35:36.348528
1373,49,8,25,1313,True,2025-08-22 02:32:21.348528
1374,31,32,13,1368,True,2024-12-17 15:00:25.348528
1375,8,21,3,1808,False,2025-06-24 06:15:17.348528
1376,53,41,9,1249,True,2025-07-31 02:32:39.348528
1377,87,7,5,934,True,2025-03-25 01:53:30.348528
1378,53,29,17,2043,True,2025-02-01 10:23:09.348528
1379,48,35,8,1706,False,2025-07-22 20:37:51.348528
1380,72,29,15,2224,True,2025-09-02 15:44:01.348528
1381,84,11,5,463,True,2025-08-22 14:20:13.348528
1382,88,25,21,2164,False,2025-02-06 02:30:26.348528
1383,66,19,3,1068,True,2025-03-22 08:28:08.348528
1384,51,45,12,185,True,2025-07-31 15:22:38.348528
1385,56,14,6,899,True,2025-10-04 17:40:38.348528
1386,82,17,15,1450,False,2025-03-08 14:09:23.348528
1387,85,21,20,1862,True,2025-04-06 05:46:49.348528
1388,89,9,16,386,True,2024-10-22 05:33:04.348528
1389,87,12,23,1979,False,2025-06-27 19:30:12.348528
1390,69,6,21,1714,False,2024-11-29 00:48:50.348528
1391,4,43,12,510,True,2025-05-01 03:05:44.348528
1392,46,25,26,2088,True,2025-10-11 05:30:34.348528
1393,16,30,15,509,True,2024-10-24 13:16:04.348528
1394,96,2,23,2034,False,2025-04-21 12:10:30.348528
1395,12,40,23,2165,False,2025-02-10 13:43:53.348528
1396,64,24,7,816,True,2024-10-23 12:20:30.348528
1397,82,26,10,416,True,2025-07-03 23:11:20.348528
1398,22,36,10,636,True,2025-09-30 03:09:21.348528
1399,73,12,24,1397,True,2024-11-22 09:50:31.348528
1400,34,37,24,1999,False,2025-03-09 12:11:15.348528
1401,87,2,22,2047,False,2025-07-20 03:34:27.348528
1402,33,44,1,686,True,2025-05-27 04:32:21.348528
1403,87,42,7,444,True,2025-05-16 15:10:47.348528
1404,16,44,6,729,True,2025-07-11 06:47:06.348528
1405,93,15,18,1246,True,2025-06-06 16:42:59.348528
1406,1,26,10,215,True,2024-11-01 13:25:02.348528
1407,89,28,7,1215,False,2025-01-12 17:11:21.348528
1408,40,5,1,663,True,2025-06-22 20:55:45.348528
1409,4,38,9,942,False,2025-02-23 09:07:43.348528
1410,61,16,1,858,False,2025-04-09 00:07:23.348528
1411,31,5,15,1198,False,2024-12-08 03:58:14.348528
1412,58,38,2,662,True,2025-05-01 16:36:31.348528
1413,89,5,15,627,False,2024-11-17 16:10:43.348528
1414,79,41,22,1334,False,2024-11-18 01:33:52.348528
1415,7,19,4,723,False,2025-09-01 20:10:13.348528
1416,30,39,1,536,True,2025-06-09 19:10:50.348528
1417,60,28,4,1594,False,2025-04-12 04:54:06.348528
1418,87,2,19,1674,False,2025-01-26 09:08:05.348528
1419,14,1,19,741,True,2025-01-28 02:04:21.348528
1420,17,41,14,1593,False,2025-06-24 03:48:25.348528
1421,57,12,2,2082,True,2024-11-19 09:51:04.348528
1422,40,38,12,1267,True,2025-03-29 02:27:11.348528
1423,70,50,5,612,True,2025-08-24 17:41:13.348528
1424,38,24,5,842,False,2024-11-18 13:50:43.348528
1425,65,36,6,312,True,2025-01-28 12:29:52.348528
1426,82,13,4,337,True,2025-09-26 22:31:23.348528
1427,89,45,12,656,False,2025-04-08 02:15:42.348528
1428,73,22,11,1046,True,2025-01-11 09:01:11.348528
1429,59,3,11,30,True,2025-02-11 13:35:11.348528
1430,60,40,24,1830,True,2025-04-07 18:53:20.348528
1431,27,26,6,138,True,2024-10-25 07:53:13.348528
1432,46,2,10,1483,False,2025-06-02 12:16:49.348528
1433,81,38,2,968,False,2024-11-04 12:27:08.348528
1434,26,19,6,580,True,2025-04-12 01:23:29.348528
1435,32,12,27,1446,True,2025-03-03 08:53:12.348528
1436,3,44,13,892,True,2024-12-15 17:31:21.348528
1437,27,20,12,1302,True,2025-09-23 11:26:29.348528
1438,68,40,23,2237,False,2024-11-22 09:31:00.348528
1439,19,9,13,580,False,2025-10-10 18:49:43.348528
1440,41,39,4,549,True,2024-11-13 03:37:53.348528
1441,76,13,13,289,True,2025-01-04 17:07:58.348528
1442,32,4,28,1660,False,2024-12-23 23:42:28.348528
1443,75,32,16,935,True,2025-09-25 03:35:23.348528
1444,9,11,11,739,True,2025-07-07 18:49:44.348528
1445,64,34,12,1001,True,2025-07-16 22:47:55.348528
1446,92,32,13,1447,True,2025-09-12 02:27:52.348528
1447,84,3,8,87,True,2025-02-17 19:37:00.348528
1448,28,20,19,1310,True,2025-01-08 18:49:23.348528
1449,33,36,2,649,True,2025-03-20 21:23:11.348528
1450,67,23,8,48,True,2025-07-10 03:49:01.348528
1451,44,28,14,1402,True,2025-04-26 23:19:02.348528
1452,41,18,15,1143,True,2025-02-16 14:52:24.348528
1453,83,5,10,648,True,2025-07-03 23:52:21.348528
1454,70,42,4,397,True,2024-12-09 09:31:12.348528
1455,10,24,11,517,True,2025-01-28 17:11:23.348528
1456,33,20,22,1710,False,2025-03-09 12:08:36.348528
1457,91,39,12,773,False,2025-07-25 14:42:36.348528
1458,2,50,6,974,True,2025-05-14 19:58:32.348528
1459,75,49,21,1659,False,2025-07-09 10:38:15.348528
1460,51,15,7,1583,True,2025-06-19 13:42:43.348528
1461,67,38,15,1375,False,2025-06-13 17:36:19.348528
1462,11,21,25,1831,False,2025-10-12 20:24:36.348528
1463,27,29,1,1963,False,2025-04-29 10:15:41.348528
1464,74,9,1,1139,True,2025-07-03 05:11:25.348528
1465,46,22,13,1053,True,2025-10-09 00:46:33.348528
1466,39,21,26,1973,False,2024-11-05 10:16:05.348528
1467,20,22,20,1436,True,2025-08-28 02:05:48.348528
1468,51,25,3,1702,True,2025-07-20 19:16:19.348528
1469,25,31,15,1363,True,2025-09-12 16:17:39.348528
1470,12,11,3,536,True,2024-11-06 03:10:13.348528
1471,63,2,13,1409,True,2025-03-14 12:41:55.348528
1472,30,19,15,383,True,2024-11-18 18:37:28.348528
1473,67,1,14,1552,True,2025-05-08 10:55:11.348528
1474,15,9,3,873,True,2025-05-07 12:43:12.348528
1475,17,14,12,915,True,2025-09-25 22:29:19.348528
1476,21,39,10,215,True,2025-01-31 23:29:49.348528
1477,92,44,1,428,True,2025-01-01 21:25:51.348528
1478,9,26,9,384,True,2025-04-07 01:55:38.348528
1479,63,30,3,352,True,2025-03-17 04:44:00.348528
1480,59,23,13,734,True,2025-03-21 19:26:29.348528
1481,79,12,20,1449,False,2025-05-29 21:52:17.348528
1482,50,43,4,966,True,2025-05-09 06:47:32.348528
1483,31,11,9,613,True,2025-03-18 07:37:57.348528
1484,90,47,16,1506,False,2025-05-19 01:19:48.348528
1485,16,24,11,419,True,2025-05-17 21:37:14.348528
1486,22,17,15,771,True,2024-11-02 07:52:02.348528
1487,82,45,7,514,True,2025-04-13 19:44:31.348528
1488,25,26,2,388,True,2025-10-18 10:10:17.348528
1489,42,43,15,880,False,2024-11-23 08:12:28.348528
1490,71,43,5,832,True,2025-06-18 15:21:56.348528
1491,21,11,2,591,True,2025-01-18 15:54:43.348528
1492,16,35,3,1078,False,2025-09-28 05:36:38.348528
1493,87,18,6,1326,True,2025-02-07 06:27:23.348528
1494,87,35,2,1619,True,2025-09-11 00:14:23.348528
1495,83,43,13,489,True,2025-10-08 16:25:41.348528
1496,57,4,25,1423,False,2025-05-01 12:32:51.348528
1497,32,24,3,516,False,2024-10-28 20:33:19.348528
1498,4,1,3,868,True,2025-02-09 08:43:10.348528
1499,86,11,7,30,True,2025-07-09 09:07:23.348528
1500,42,21,20,1586,False,2025-02-04 00:55:31.348528
1501,51,28,4,1178,True,2025-04-20 16:58:33.348528
1502,23,1,1,995,True,2025-05-07 12:56:56.348528
1503,59,15,9,1650,True,2025-09-18 03:55:06.348528
1504,48,3,7,103,True,2025-03-24 03:00:23.348528
1505,64,7,6,1176,True,2025-02-25 08:39:07.348528
1506,77,21,13,2105,False,2025-10-02 10:02:32.348528
1507,43,12,11,1970,False,2025-09-26 22:45:22.348528
1508,9,22,15,1217,True,2025-05-03 23:48:30.348528
1509,82,48,12,517,True,2024-10-26 13:40:17.348528
1510,3,40,10,1465,False,2025-02-18 20:48:13.348528
1511,97,16,3,67,True,2025-04-29 23:21:38.348528
1512,38,13,11,197,True,2024-11-08 13:52:12.348528
1513,93,39,12,352,False,2025-04-06 10:05:27.348528
1514,36,21,2,2170,False,2025-07-13 20:18:29.348528
1515,83,19,11,546,True,2025-04-13 14:01:21.348528
1516,27,35,8,1586,True,2025-10-06 13:18:05.348528
1517,78,25,15,1489,False,2025-09-07 05:25:21.348528
1518,9,32,2,1049,True,2025-09-09 10:21:19.348528
1519,27,9,7,990,True,2025-02-17 23:40:38.348528
1520,11,28,6,1278,False,2025-01-29 14:07:11.348528
1521,55,12,10,1576,False,2025-08-11 21:31:24.348528
1522,82,13,8,788,True,2024-11-29 18:17:40.348528
1523,51,25,14,1753,True,2025-07-06 03:23:23.348528
1524,95,28,16,1799,False,2024-10-30 19:05:22.348528
1525,55,6,20,1357,False,2025-07-22 10:45:56.348528
1526,71,47,15,1673,True,2025-03-25 21:43:03.348528
1527,37,25,3,1794,False,2025-04-08 10:10:40.348528
1528,92,31,1,974,True,2024-10-26 23:25:56.348528
1529,94,47,14,1698,True,2025-05-10 18:47:17.348528
1530,50,32,3,1454,True,2025-05-17 06:36:58.348528
1531,16,25,7,1468,False,2025-05-31 14:29:46.348528
1532,99,49,23,1697,False,2025-06-28 04:19:17.348528
1533,89,24,13,978,True,2025-05-25 14:11:16.348528
1534,32,31,12,1612,True,2025-09-08 06:13:52.348528
1535,90,43,15,651,True,2025-10-03 10:34:04.348528
1536,33,16,3,684,True,2024-10-26 09:27:09.348528
1537,99,6,13,1443,False,2025-10-17 02:32:38.348528
1538,11,34,14,1569,False,2025-01-12 20:44:39.348528
1539,33,45,11,587,True,2025-05-04 02:32:27.348528
1540,40,47,24,2181,False,2024-12-04 09:10:51.348528
1541,82,37,27,1816,False,2025-01-01 14:59:50.348528
1542,96,14,12,485,False,2025-03-26 05:26:10.348528
1543,22,32,14,923,True,2025-07-15 20:22:45.348528
1544,84,19,6,486,True,2025-04-29 11:59:20.348528
1545,91,9,17,570,True,2024-12-15 21:36:38.348528
1546,73,14,12,138,True,2025-01-21 12:11:19.348528
1547,34,27,4,1005,True,2025-09-10 11:15:03.348528
1548,11,19,9,439,True,2024-11-21 17:39:35.348528
1549,4,38,4,1096,True,2024-10-24 07:25:31.348528
1550,35,49,19,1857,False,2024-11-10 08:43:42.348528
1551,28,34,20,1056,False,2025-07-13 14:52:52.348528
1552,63,31,14,1398,False,2025-04-10 18:42:08.348528
1553,88,22,8,1454,False,2025-04-22 19:42:37.348528
1554,49,40,28,1702,True,2025-04-07 08:50:59.348528
1555,1,30,5,723,False,2024-11-03 03:07:02.348528
1556,16,34,8,1388,True,2025-04-26 21:39:22.348528
1557,80,44,9,708,True,2025-05-19 12:02:42.348528
1558,1,41,11,2062,False,2024-10-29 04:16:39.348528
1559,47,3,6,633,False,2025-10-02 21:22:45.348528
1560,30,39,10,654,True,2024-11-30 17:53:05.348528
1561,55,31,4,1657,False,2025-05-05 15:54:06.348528
1562,78,13,9,878,True,2025-08-08 23:34:32.348528
1563,5,9,10,473,True,2025-09-30 01:10:54.348528
1564,60,11,8,88,False,2025-09-25 00:53:15.348528
1565,31,16,11,777,True,2025-10-13 08:27:31.348528
1566,14,28,6,989,False,2025-04-05 19:09:53.348528
1567,99,18,22,1223,True,2025-06-20 09:41:03.348528
1568,86,9,16,1032,False,2024-12-05 17:19:09.348528
1569,29,37,3,2079,False,2025-09-14 17:41:56.348528
1570,49,46,13,2206,False,2025-09-20 04:34:50.348528
1571,72,28,9,1188,False,2024-12-18 15:47:47.348528
1572,12,8,19,1826,True,2025-01-24 09:25:47.348528
1573,74,24,13,632,True,2025-08-11 05:15:49.348528
1574,40,4,28,1568,False,2025-05-06 20:37:44.348528
1575,41,50,13,827,True,2024-12-24 00:07:33.348528
1576,85,39,7,30,True,2024-10-25 00:48:04.348528
1577,59,21,27,1695,True,2025-02-09 23:24:03.348528
1578,88,30,5,602,True,2025-09-25 06:27:10.348528
1579,77,21,4,2097,True,2025-03-10 02:06:00.348528
1580,62,41,10,1736,False,2025-10-15 18:55:04.348528
1581,8,22,7,1351,True,2025-02-12 07:06:58.348528
1582,100,12,13,2010,False,2025-03-22 10:59:54.348528
1583,3,36,11,312,True,2025-06-19 17:53:02.348528
1584,97,26,12,672,True,2025-03-13 15:28:59.348528
1585,90,13,7,549,True,2024-12-08 09:58:06.348528
1586,42,49,26,2062,False,2024-11-16 16:16:24.348528
1587,59,42,8,254,True,2025-10-11 22:46:03.348528
1588,38,10,7,1477,True,2025-09-18 05:32:06.348528
1589,47,47,22,1388,False,2025-01-03 18:54:44.348528
1590,55,44,2,279,False,2025-04-20 22:27:20.348528
1591,23,4,21,1901,True,2025-04-12 02:48:26.348528
1592,56,10,8,1067,True,2024-11-06 09:31:40.348528
1593,31,26,10,836,True,2025-01-17 04:58:12.348528
1594,96,25,22,2116,False,2025-09-22 08:27:54.348528
1595,100,30,13,977,False,2025-03-10 04:13:30.348528
1596,84,29,4,1514,False,2024-12-01 09:38:46.348528
1597,63,42,4,635,True,2024-11-01 02:34:08.348528
1598,74,37,24,2174,False,2024-12-08 02:47:18.348528
1599,24,25,23,1962,False,2025-05-30 16:03:56.348528
1600,74,9,6,449,True,2025-05-15 05:55:17.348528
1601,51,36,9,682,True,2025-06-27 07:31:48.348528
1602,67,38,4,1438,True,2025-02-04 05:10:50.348528
1603,16,12,6,1977,False,2024-10-23 01:23:57.348528
1604,58,21,19,1523,True,2025-02-03 04:57:51.348528
1605,21,6,25,1921,False,2024-11-06 08:16:59.348528
1606,16,33,6,1553,True,2025-05-25 05:09:55.348528
1607,1,16,13,537,True,2025-03-20 05:12:06.348528
1608,69,29,23,1894,True,2025-03-30 00:13:55.348528
1609,46,39,12,112,True,2024-12-09 06:49:52.348528
1610,31,3,4,186,True,2024-12-28 03:07:33.348528
1611,71,14,3,362,True,2025-09-03 20:34:03.348528
1612,10,36,11,270,True,2025-01-11 19:46:05.348528
1613,59,6,14,1742,False,2025-10-10 10:25:04.348528
1614,69,14,5,828,True,2025-09-10 04:42:25.348528
1615,25,46,21,2137,False,2025-07-09 03:13:40.348528
1616,21,27,14,689,False,2025-05-02 06:08:45.348528
1617,78,16,9,133,True,2024-12-16 01:10:04.348528
1618,53,5,12,655,True,2025-04-08 15:09:04.348528
1619,19,15,13,916,True,2025-02-10 18:59:17.348528
1620,14,8,10,1813,True,2025-08-17 23:01:44.348528
1621,13,34,10,1257,True,2025-07-29 15:04:16.348528
1622,78,7,11,540,False,2025-05-07 11:46:50.348528
1623,45,48,9,723,True,2025-07-30 02:51:06.348528
1624,52,31,1,1045,False,2025-10-06 23:54:03.348528
1625,92,10,13,800,False,2025-08-06 14:56:13.348528
1626,7,47,23,1663,False,2025-02-25 03:21:52.348528
1627,54,46,12,1913,False,2025-06-16 23:29:17.348528
1628,37,18,23,1493,False,2025-02-14 16:18:50.348528
1629,82,6,25,1466,False,2025-03-29 08:29:03.348528
1630,82,6,3,1295,True,2025-01-13 02:08:56.348528
1631,8,6,16,1617,False,2024-10-25 20:38:21.348528
1632,87,33,16,1135,False,2025-07-01 23:57:12.348528
1633,88,44,2,936,False,2025-05-15 05:42:30.348528
1634,79,13,1,751,False,2025-10-20 20:40:31.348528
1635,90,35,22,1156,False,2025-07-18 03:22:57.348528
1636,6,39,11,70,True,2025-07-15 13:23:49.348528
1637,23,5,17,700,True,2025-04-18 07:03:21.348528
1638,55,32,4,1234,True,2025-04-11 14:17:46.348528
1639,70,50,5,429,False,2025-06-24 15:53:24.348528
1640,34,14,10,724,True,2025-05-09 13:07:12.348528
1641,40,42,8,150,True,2025-09-01 22:58:47.348528
1642,8,23,6,477,True,2025-03-21 18:05:14.348528
1643,14,1,6,1411,True,2025-05-13 18:06:38.348528
1644,2,7,3,568,True,2025-07-17 23:55:41.348528
1645,20,27,1,865,True,2025-01-08 05:06:35.348528
1646,33,15,10,1199,True,2025-04-24 20:47:52.348528
1647,24,35,15,1017,False,2025-09-21 21:11:56.348528
1648,21,9,1,828,True,2025-04-21 12:25:42.348528
1649,15,13,7,124,True,2025-05-23 17:15:41.348528
1650,5,11,11,460,True,2025-03-05 09:31:39.348528
1651,54,32,22,1671,True,2025-10-20 09:50:32.348528
1652,42,49,17,1585,False,2025-05-07 09:59:14.348528
1653,15,7,5,495,False,2025-04-14 23:24:25.348528
1654,2,50,11,185,True,2025-04-13 20:50:46.348528
1655,77,48,5,407,True,2025-03-13 22:53:40.348528
1656,11,49,5,1808,False,2025-07-08 12:00:21.348528
1657,32,18,9,1844,False,2025-10-13 14:12:30.348528
1658,86,28,4,1683,True,2025-10-13 23:29:30.348528
1659,79,12,19,2141,True,2025-09-08 04:18:11.348528
1660,20,15,2,1226,True,2025-03-09 12:11:58.348528
1661,19,28,3,1164,True,2024-11-15 19:03:02.348528
1662,53,34,8,1320,True,2025-02-10 17:26:32.348528
1663,55,31,21,1217,True,2024-11-15 16:16:52.348528
1664,15,18,23,1319,True,2025-05-22 14:11:39.348528
1665,41,4,2,1374,True,2025-09-23 16:54:46.348528
1666,28,19,4,933,True,2025-05-28 11:55:56.348528
1667,33,32,4,1163,True,2024-12-08 05:41:59.348528
1668,88,36,6,30,True,2025-04-22 18:21:36.348528
1669,96,50,6,751,True,2025-02-19 04:52:38.348528
1670,36,14,2,167,True,2024-12-26 04:07:26.348528
1671,96,39,11,498,True,2025-01-25 12:13:36.348528
1672,91,29,18,1468,False,2025-09-01 17:41:13.348528
1673,39,47,7,2063,False,2025-07-20 10:47:51.348528
1674,6,9,9,947,True,2025-08-02 17:50:55.348528
1675,47,29,14,1512,False,2024-11-23 22:46:53.348528
1676,54,34,1,1187,False,2025-01-14 03:01:01.348528
1677,36,45,1,338,False,2025-08-05 07:24:57.348528
1678,89,13,8,395,True,2025-10-06 00:35:20.348528
1679,66,5,17,1332,True,2025-05-05 01:40:56.348528
1680,100,25,7,1580,False,2025-01-22 05:20:00.348528
1681,21,37,1,2177,True,2025-07-09 21:47:04.348528
1682,65,46,10,1729,False,2025-02-09 15:59:33.348528
1683,91,18,8,1135,False,2024-11-13 00:37:44.348528
1684,31,19,9,463,True,2024-12-27 15:02:55.348528
1685,7,42,4,957,False,2025-07-20 09:25:57.348528
1686,1,42,6,733,True,2025-04-04 08:14:00.348528
1687,91,36,7,30,True,2025-08-29 15:56:21.348528
1688,42,4,27,1384,False,2025-04-20 13:11:10.348528
1689,94,18,18,976,True,2025-09-22 02:26:18.348528
1690,14,47,21,1675,False,2025-03-01 04:00:10.348528
1691,82,39,8,734,True,2025-02-09 17:00:30.348528
1692,35,14,14,905,True,2025-05-10 10:52:09.348528
1693,58,15,12,1260,False,2025-01-03 22:38:33.348528
1694,12,32,6,1041,True,2025-01-25 01:56:35.348528
1695,63,47,1,1572,True,2025-03-27 11:08:03.348528
1696,23,26,2,324,True,2025-01-01 07:49:32.348528
1697,55,16,7,666,True,2024-12-11 00:22:54.348528
1698,18,47,20,1296,False,2024-12-10 18:57:37.348528
1699,50,2,25,1351,True,2025-09-14 06:47:42.348528
1700,17,16,3,280,True,2025-09-07 03:02:04.348528
1701,2,1,18,780,False,2025-04-11 08:17:45.348528
1702,26,9,15,960,True,2025-01-11 16:23:38.348528
1703,43,31,18,837,True,2025-10-09 14:56:25.348528
1704,81,35,2,1750,True,2024-12-12 01:01:56.348528
1705,38,7,14,1222,True,2024-12-31 05:14:47.348528
1706,29,2,5,1732,True,2025-04-19 05:03:48.348528
1707,37,15,13,1516,False,2025-10-06 09:17:42.348528
1708,63,11,2,199,False,2025-03-13 18:12:42.348528
1709,10,40,3,1707,True,2024-11-12 03:12:42.348528
1710,20,12,20,1608,False,2025-01-20 20:41:06.348528
1711,20,43,10,1023,True,2025-04-16 08:59:10.348528
1712,35,32,3,1123,False,2024-10-21 10:36:51.348528
1713,100,42,7,265,True,2025-06-05 22:37:18.348528
1714,9,8,9,1812,False,2025-01-02 08:29:44.348528
1715,42,9,12,778,True,2025-04-01 23:11:45.348528
1716,55,31,20,1203,False,2025-09-10 17:20:36.348528
1717,18,42,7,506,False,2025-07-28 23:18:05.348528
1718,69,35,8,1455,True,2025-05-04 08:14:48.348528
1719,75,46,25,2055,False,2025-10-10 13:11:17.348528
1720,90,6,7,1052,True,2024-10-28 18:23:49.348528
1721,72,31,2,892,False,2025-04-16 18:20:27.348528
1722,100,9,14,531,True,2025-02-21 12:52:30.348528
1723,29,4,23,1494,False,2025-10-15 10:24:42.348528
1724,49,47,12,1718,True,2024-11-16 09:03:43.348528
1725,85,38,20,1457,True,2025-01-08 06:18:05.348528
1726,19,24,3,562,True,2024-10-27 01:55:32.348528
1727,54,10,5,1135,False,2025-07-17 16:06:26.348528
1728,61,27,1,820,True,2025-03-15 09:15:12.348528
1729,20,4,20,1406,False,2025-01-16 23:31:36.348528
1730,21,1,15,1105,True,2025-07-30 14:35:52.348528
1731,74,33,14,1228,True,2025-01-08 15:05:57.348528
1732,12,34,7,800,True,2025-05-14 03:44:28.348528
1733,8,15,18,1658,True,2025-08-25 08:00:48.348528
1734,89,30,13,980,True,2025-05-02 11:12:12.348528
1735,7,24,9,511,True,2024-12-14 09:00:12.348528
1736,10,24,11,1178,True,2024-11-03 13:55:24.348528
1737,37,11,4,36,True,2025-08-21 05:36:07.348528
1738,97,20,21,1130,True,2024-11-05 13:57:10.348528
1739,35,6,2,1628,False,2025-08-04 22:49:02.348528
1740,6,4,1,1690,True,2025-04-20 15:29:04.348528
1741,51,33,13,1765,True,2025-04-20 09:55:05.348528
1742,90,44,15,639,True,2025-07-04 08:52:47.348528
1743,65,50,13,733,True,2025-05-03 22:34:04.348528
1744,76,3,11,35,True,2025-06-14 08:04:11.348528
1745,81,6,7,1287,False,2025-10-04 05:01:18.348528
1746,19,50,9,645,True,2025-08-28 04:55:08.348528
1747,67,50,3,936,True,2025-04-11 15:47:30.348528
1748,47,40,2,1779,False,2025-10-19 19:18:56.348528
1749,31,14,2,699,False,2025-01-07 01:50:33.348528
1750,81,32,5,867,True,2025-03-28 01:07:23.348528
1751,12,32,6,1173,True,2025-03-20 11:04:53.348528
1752,9,18,3,1321,False,2024-11-25 11:43:35.348528
1753,91,50,5,616,True,2025-06-04 04:52:44.348528
1754,18,8,2,1567,False,2025-04-24 15:38:17.348528
1755,52,27,5,1062,False,2025-06-02 18:33:17.348528
1756,66,40,3,1720,False,2025-10-04 20:14:47.348528
1757,65,29,22,2288,True,2024-11-11 03:47:54.348528
1758,83,4,23,1624,False,2025-08-03 05:29:30.348528
1759,20,7,13,528,True,2024-11-26 13:19:24.348528
1760,50,30,15,669,True,2025-06-17 04:35:40.348528
1761,69,30,4,496,True,2025-05-11 20:58:18.348528
1762,26,26,6,456,True,2025-08-25 22:54:28.348528
1763,28,45,5,159,True,2025-06-09 06:35:46.348528
1764,70,10,7,803,False,2025-04-02 01:53:24.348528
1765,5,39,6,30,True,2025-05-28 22:26:19.348528
1766,28,4,25,1397,True,2025-10-05 20:36:02.348528
1767,35,17,5,811,False,2024-11-24 15:10:30.348528
1768,52,6,15,1779,True,2025-05-23 00:18:32.348528
1769,28,43,2,572,False,2024-12-06 20:48:17.348528
1770,44,49,12,1379,True,2025-05-22 22:44:16.348528
1771,61,35,23,1070,False,2025-05-31 18:06:59.348528
1772,89,37,18,1474,False,2025-08-21 12:25:54.348528
1773,10,47,5,1915,False,2025-04-03 16:43:35.348528
1774,2,10,16,805,False,2025-03-31 09:20:19.348528
1775,87,27,1,1105,True,2025-06-07 09:46:47.348528
1776,82,29,4,1984,False,2024-11-07 13:09:44.348528
1777,96,13,13,547,True,2025-01-14 03:04:55.348528
1778,49,14,11,273,True,2025-08-11 05:43:32.348528
1779,48,24,4,626,True,2025-10-13 23:22:31.348528
1780,84,30,12,672,True,2025-07-24 20:42:25.348528
1781,67,49,15,1356,True,2025-05-27 18:47:14.348528
1782,23,36,7,435,True,2025-05-03 15:34:48.348528
1783,85,45,5,691,True,2025-10-15 03:47:22.348528
1784,13,6,3,1156,False,2025-09-17 05:48:02.348528
1785,79,27,4,1133,True,2025-09-09 21:22:18.348528
1786,65,38,10,1283,False,2025-05-23 12:54:59.348528
1787,29,50,2,522,True,2025-01-28 22:17:57.348528
1788,16,23,7,481,False,2025-09-15 19:36:48.348528
1789,1,24,10,831,False,2025-03-07 05:11:03.348528
1790,34,20,14,1738,False,2025-09-29 13:59:50.348528
1791,1,27,5,392,True,2025-04-30 00:05:50.348528
1792,95,39,10,72,True,2025-05-28 14:00:26.348528
1793,72,26,7,791,True,2024-11-16 02:14:29.348528
1794,55,9,6,783,False,2025-05-14 16:47:06.348528
1795,67,11,12,71,True,2024-12-23 23:33:42.348528
1796,16,41,27,1631,False,2025-09-06 14:40:37.348528
1797,71,11,2,178,False,2024-12-06 06:08:09.348528
1798,56,1,5,1279,False,2024-11-04 03:42:24.348528
1799,91,35,19,986,False,2025-05-03 06:07:23.348528
1800,96,47,21,1748,True,2025-09-08 18:14:28.348528
1801,24,16,5,233,True,2025-01-28 00:41:47.348528
1802,32,47,13,2088,False,2025-03-02 07:05:11.348528
1803,36,6,1,1692,False,2025-09-12 02:17:46.348528
1804,14,8,4,1678,True,2024-12-13 10:21:59.348528
1805,37,17,3,821,False,2025-06-30 18:21:38.348528
1806,27,26,1,946,True,2025-05-19 07:52:52.348528
1807,63,41,14,1933,True,2025-04-30 16:37:11.348528
1808,82,29,10,1576,False,2024-10-25 11:42:28.348528
1809,85,37,2,2339,False,2024-12-19 17:41:01.348528
1810,45,31,18,1394,False,2024-10-22 10:58:09.348528
1811,67,48,4,40,True,2025-08-26 06:16:42.348528
1812,69,2,5,2117,False,2025-02-07 18:29:15.348528
1813,15,14,4,219,True,2024-12-01 09:48:40.348528
1814,35,18,12,1054,True,2025-10-18 01:16:54.348528
1815,84,19,16,1140,True,2025-05-31 23:52:03.348528
1816,52,13,11,190,True,2025-03-12 19:30:17.348528
1817,14,38,10,1201,False,2025-01-12 12:41:47.348528
1818,93,32,14,1308,True,2025-08-21 15:05:37.348528
1819,41,40,14,1730,True,2025-01-31 01:51:05.348528
1820,46,24,3,1151,False,2025-06-07 11:17:30.348528
1821,5,33,10,1415,True,2025-08-26 04:41:23.348528
1822,68,23,3,123,True,2025-04-03 20:50:09.348528
1823,24,23,11,226,True,2025-04-28 18:44:43.348528
1824,19,50,6,141,True,2025-10-07 05:35:57.348528
1825,92,22,11,1199,True,2025-02-17 01:39:04.348528
1826,9,25,17,1519,True,2025-02-08 08:56:58.348528
1827,72,18,22,1786,False,2024-11-28 02:05:57.348528
1828,83,27,11,811,True,2025-04-01 12:25:00.348528
1829,26,4,2,1884,False,2025-03-09 20:32:21.348528
1830,16,8,11,1683,True,2025-08-18 19:08:30.348528
1831,31,37,21,1482,True,2025-08-10 05:22:18.348528
1832,60,19,2,724,True,2025-07-21 00:24:31.348528
1833,6,22,16,689,False,2024-12-07 20:18:54.348528
1834,93,20,12,1695,True,2025-05-12 08:06:24.348528
1835,72,50,1,759,True,2025-05-09 16:04:06.348528
1836,90,30,4,968,True,2025-04-30 03:42:08.348528
1837,14,2,1,2183,True,2024-12-30 09:01:49.348528
1838,42,45,3,273,True,2024-12-04 12:09:44.348528
1839,93,24,1,862,False,2025-10-07 07:06:49.348528
1840,34,3,2,191,True,2025-03-04 17:11:34.348528
1841,89,40,9,1726,False,2025-10-12 11:24:15.348528
1842,18,38,11,729,True,2025-01-04 02:28:12.348528
1843,53,41,17,1355,False,2025-07-17 13:57:34.348528
1844,74,31,11,1067,False,2025-06-24 13:25:29.348528
1845,12,17,3,1454,False,2025-04-19 01:32:14.348528
1846,32,43,7,1260,True,2025-10-10 08:02:34.348528
1847,10,32,22,865,True,2025-02-07 22:14:50.348528
1848,50,13,4,336,True,2025-08-19 00:24:48.348528
1849,66,21,23,1711,False,2025-06-10 05:03:39.348528
1850,20,33,8,1129,True,2025-04-24 19:14:27.348528
1851,58,40,13,2136,False,2025-01-24 07:42:05.348528
1852,36,28,19,1274,True,2025-09-16 08:55:06.348528
1853,19,30,4,1074,False,2025-02-20 05:48:23.348528
1854,59,12,22,1753,True,2025-07-18 21:40:57.348528
1855,46,17,3,1289,True,2025-04-19 20:54:43.348528
1856,28,10,17,1095,True,2025-04-08 07:08:16.348528
1857,57,18,21,1010,True,2025-05-03 20:35:18.348528
1858,25,19,9,492,True,2025-07-19 03:19:08.348528
1859,64,34,2,1369,True,2025-09-15 14:15:58.348528
1860,15,15,19,852,True,2025-03-05 13:53:44.348528
1861,9,35,20,1137,True,2025-10-13 19:55:55.348528
1862,51,26,14,883,True,2025-10-09 14:58:11.348528
1863,64,14,6,286,True,2025-09-11 15:41:16.348528
1864,91,39,2,30,True,2025-01-22 23:31:29.348528
1865,90,40,28,1650,False,2025-10-07 13:53:25.348528
1866,22,21,6,1562,False,2025-04-08 21:46:35.348528
1867,19,1,11,1110,False,2024-10-30 11:39:56.348528
1868,34,5,1,1342,True,2025-08-20 18:01:25.348528
1869,61,38,8,1494,True,2025-06-18 09:11:06.348528
1870,6,2,27,1635,False,2025-02-14 00:19:37.348528
1871,65,11,2,763,True,2024-12-10 16:17:33.348528
1872,95,22,12,1370,True,2025-07-26 14:34:19.348528
1873,85,32,1,1321,True,2025-04-18 16:09:59.348528
1874,91,22,20,1411,False,2025-06-24 09:18:28.348528
1875,35,44,1,877,True,2025-01-03 20:08:30.348528
1876,29,43,16,749,False,2024-11-04 14:05:58.348528
1877,74,48,6,357,True,2025-02-02 08:27:10.348528
1878,25,25,21,1582,False,2025-10-03 01:02:32.348528
1879,58,34,12,1367,True,2025-04-07 19:26:21.348528
1880,76,27,10,648,False,2025-01-25 06:41:56.348528
1881,75,34,20,1526,False,2024-12-21 20:59:03.348528
1882,59,37,12,2275,False,2025-03-16 09:12:51.348528
1883,2,32,15,1002,False,2025-10-03 10:40:19.348528
1884,67,19,6,992,True,2025-03-24 22:55:38.348528
1885,37,5,15,579,False,2024-11-09 13:06:54.348528
1886,37,38,10,1100,True,2024-10-22 20:52:12.348528
1887,46,43,9,435,False,2024-12-29 17:57:12.348528
1888,37,33,18,1783,False,2025-01-07 08:20:01.348528
1889,92,18,7,1710,True,2025-05-30 02:30:35.348528
1890,11,19,12,796,True,2025-02-25 04:23:47.348528
1891,50,28,9,1060,True,2025-03-24 02:56:24.348528
1892,40,12,11,1961,False,2025-08-12 10:16:11.348528
1893,88,50,7,270,True,2025-07-30 12:28:00.348528
1894,39,20,21,1504,True,2025-06-14 01:04:32.348528
1895,24,25,14,2155,False,2024-12-08 10:14:56.348528
1896,68,29,22,1907,False,2025-10-19 18:13:14.348528
1897,60,23,7,436,True,2025-06-13 06:12:36.348528
1898,72,2,3,1769,False,2024-12-31 03:36:05.348528
1899,39,16,3,388,True,2025-09-03 00:58:56.348528
1900,73,19,13,1177,True,2024-12-23 19:52:23.348528
1901,86,1,17,1453,True,2025-06-12 07:10:52.348528
1902,11,4,4,2039,True,2025-04-09 02:50:30.348528
1903,13,19,11,1019,True,2024-11-20 09:37:26.348528
1904,95,38,2,1357,False,2025-10-14 12:40:07.348528
1905,67,10,5,1161,True,2025-02-12 04:29:31.348528
1906,20,20,1,1660,False,2025-06-26 03:54:33.348528
1907,89,13,3,30,True,2025-08-25 09:36:33.348528
1908,67,7,16,472,True,2024-11-01 23:37:05.348528
1909,57,26,5,256,True,2025-05-15 22:48:51.348528
1910,24,16,5,565,True,2025-08-29 21:11:26.348528
1911,85,40,21,1487,True,2024-10-31 11:55:52.348528
1912,19,48,9,90,True,2025-10-14 01:06:23.348528
1913,26,31,22,1076,True,2024-12-11 02:38:19.348528
1914,64,24,13,712,True,2025-10-12 09:06:37.348528
1915,60,27,1,517,False,2025-03-14 21:50:39.348528
1916,16,37,10,2058,False,2024-11-07 04:41:24.348528
1917,84,43,12,427,True,2024-12-30 22:14:18.348528
1918,93,30,12,474,True,2025-07-03 23:31:25.348528
1919,27,23,7,543,False,2025-07-09 07:29:15.348528
1920,23,42,12,785,True,2025-08-04 17:33:20.348528
1921,59,46,9,1607,False,2025-09-22 16:13:54.348528
1922,51,5,16,1224,False,2025-04-30 22:22:42.348528
1923,78,43,17,1109,True,2025-09-23 00:19:58.348528
1924,34,9,12,986,True,2025-08-16 03:41:02.348528
1925,52,5,6,1436,True,2025-02-15 08:43:02.348528
1926,86,7,16,1061,True,2025-04-03 13:37:56.348528
1927,99,47,6,1391,False,2025-05-04 20:29:46.348528
1928,9,4,2,1491,False,2024-11-26 21:16:41.348528
1929,98,24,1,1172,True,2025-01-17 16:53:43.348528
1930,14,45,11,178,True,2025-08-10 01:27:46.348528
1931,26,13,11,436,True,2025-03-15 13:24:45.348528
1932,26,48,9,749,True,2025-01-26 08:20:03.348528
1933,75,2,4,2022,False,2025-02-01 06:24:45.348528
1934,18,1,19,1089,True,2025-07-26 07:49:21.348528
1935,44,12,21,2011,False,2025-07-17 23:16:03.348528
1936,25,14,9,563,True,2025-04-18 18:10:54.348528
1937,80,36,2,700,True,2025-06-01 20:46:03.348528
1938,81,25,3,1884,False,2024-12-25 00:02:05.348528
1939,39,7,2,602,True,2025-08-24 00:52:58.348528
1940,43,2,27,1634,True,2025-02-25 19:25:02.348528
1941,91,23,3,898,True,2025-03-16 07:55:30.348528
1942,69,37,20,1994,True,2025-07-03 16:34:14.348528
1943,52,40,4,2052,True,2025-08-14 22:21:01.348528
1944,34,42,7,460,True,2025-03-02 12:30:10.348528
1945,43,49,18,1385,True,2025-04-06 07:28:18.348528
1946,31,32,20,1429,True,2025-10-14 06:29:23.348528
1947,45,5,3,1176,False,2025-07-29 22:38:02.348528
1948,17,18,2,1066,False,2025-07-01 23:41:01.348528
1949,29,42,5,603,True,2025-02-13 05:58:59.348528
1950,8,2,7,2168,False,2025-07-21 03:20:38.348528
1951,49,44,9,240,True,2025-06-23 07:06:03.348528
1952,50,50,7,260,True,2025-10-14 20:44:34.348528
1953,71,9,12,504,True,2025-04-18 12:15:10.348528
1954,44,28,8,1203,False,2024-12-07 02:38:00.348528
1955,2,15,18,1586,True,2025-08-06 06:52:09.348528
1956,2,47,3,1342,True,2024-11-18 09:48:57.348528
1957,57,12,12,1587,True,2025-08-25 05:03:28.348528
1958,32,19,16,719,True,2025-09-21 09:39:29.348528
1959,85,5,7,1120,True,2025-06-30 18:11:56.348528
1960,29,29,25,1767,False,2025-07-29 15:51:31.348528
1961,84,16,6,279,True,2025-10-13 00:54:53.348528
1962,65,7,16,786,True,2025-03-12 08:03:31.348528
1963,27,9,8,917,False,2025-03-26 01:20:07.348528
1964,27,8,5,1903,True,2024-11-07 13:45:44.348528
1965,90,29,4,1856,False,2024-10-30 23:22:01.348528
1966,5,18,10,1353,True,2024-12-02 07:22:36.348528
1967,36,40,28,1357,False,2025-05-03 19:12:27.348528
1968,57,3,3,268,True,2025-09-22 20:53:52.348528
1969,69,4,18,1406,False,2025-04-16 06:08:55.348528
1970,78,49,9,2024,False,2025-08-18 13:05:11.348528
1971,97,2,20,2187,True,2025-05-30 20:46:08.348528
1972,94,48,2,742,True,2025-07-30 19:19:59.348528
1973,93,44,8,769,True,2025-05-26 02:03:01.348528
1974,93,37,6,1730,False,2025-05-03 22:13:03.348528
1975,96,16,5,30,True,2025-10-04 15:11:34.348528
1976,11,16,6,308,True,2025-08-08 19:34:10.348528
1977,5,40,22,1613,True,2025-02-26 04:58:43.348528
1978,99,39,10,212,True,2025-09-23 16:53:21.348528
1979,34,12,15,1283,False,2024-10-24 22:11:06.348528
1980,5,23,9,870,True,2025-02-08 20:04:46.348528
1981,8,38,20,883,False,2025-07-29 16:38:09.348528
1982,9,29,26,2176,True,2025-03-10 14:39:07.348528
1983,64,9,5,562,True,2025-09-02 05:05:09.348528
1984,7,15,6,855,True,2025-10-05 23:39:05.348528
1985,57,38,8,1166,True,2024-11-20 14:38:03.348528
1986,33,2,28,2216,False,2025-04-19 00:52:45.348528
1987,92,3,2,238,True,2024-11-28 23:39:34.348528
1988,57,8,7,1310,False,2025-04-05 01:58:07.348528
1989,48,44,7,879,True,2025-03-13 10:24:42.348528
1990,4,21,11,1760,False,2025-05-17 04:56:25.348528
1991,48,31,20,1081,False,2024-11-04 11:02:21.348528
1992,48,3,10,33,True,2024-11-02 09:04:13.348528
1993,78,14,12,601,True,2025-07-08 02:22:25.348528
1994,92,23,10,393,False,2024-11-06 05:07:31.348528
1995,93,10,3,1318,True,2024-11-28 13:22:45.348528
1996,73,33,18,1641,False,2025-05-23 00:49:32.348528
1997,94,8,2,1608,False,2025-08-26 22:23:58.348528
1998,85,34,9,996,True,2025-01-28 02:08:47.348528
1999,38,16,13,824,True,2025-04-23 13:36:32.348528
2000,59,21,23,1510,False,2025-02-20 21:24:17.348528
